gene,DEstatus.2
SRSF2,FALSE
PRPSAP1,FALSE
ZNF77,FALSE
LINC00909,FALSE
GNG2,FALSE
GPT2,FALSE
GRIN2C,TRUE
SAP30BP,FALSE
BRD7,FALSE
FDXR,TRUE
SUGP2,FALSE
POLDIP2,FALSE
RP11-325F22.5,TRUE
PHF21A,FALSE
PRR5L,FALSE
TIRAP,FALSE
CAPRIN1,FALSE
MRPL14,FALSE
NAT10,FALSE
RP11-774O3.3,TRUE
MGLL,FALSE
ATP2C1,FALSE
TNIK,TRUE
CPSF3,FALSE
RP11-539L10.3,FALSE
NCKAP5L,FALSE
SH3YL1,FALSE
EVI5,FALSE
TUBA1C,FALSE
TUBA1A,FALSE
GUCA2A,FALSE
RP11-598F7.6,TRUE
PTK2,FALSE
FOXN2,FALSE
LALBA,TRUE
COL6A3,FALSE
PIKFYVE,FALSE
ATAD3B,FALSE
SSU72,FALSE
SUCLG1,FALSE
UBE2J2,FALSE
LSM12,FALSE
MPP3,FALSE
PDE8A,FALSE
PNP,FALSE
LA16c-OS12.2,TRUE
NUDC,FALSE
GLB1L,TRUE
RP11-1060J15.7,TRUE
AL590452.1,FALSE
SGOL2,FALSE
ARHGEF9,FALSE
EDA2R,FALSE
FAM222B,FALSE
MBTPS2,FALSE
PPP1R12A,FALSE
CWC22,FALSE
SNX13,FALSE
GRINA,FALSE
EFNB1,FALSE
XXbac-BPGBPG55C20.3,TRUE
CWC15,FALSE
TMEM161A,FALSE
NELFA,FALSE
RP4-564F22.5,TRUE
SSC5D,FALSE
ZHX2,FALSE
ZFP3,FALSE
DBF4B,FALSE
MITD1,FALSE
TMEM119,FALSE
EIF5B,FALSE
KMT2E,FALSE
LINC00384,TRUE
ING3,FALSE
CROT,FALSE
HIST1H2BN,FALSE
DCAF4,FALSE
RLN3,TRUE
FOPNL,FALSE
AP000265.1,TRUE
STK36,FALSE
INSR,FALSE
SCYL1,FALSE
ITFG1,FALSE
PPP4R1,FALSE
RNF10,FALSE
CXXC1,FALSE
SKA1,FALSE
PLEKHG3,FALSE
RP11-158L12.5,TRUE
HSPA2,TRUE
ZBTB1,FALSE
RP11-788A4.1,TRUE
FCF1,FALSE
DHX57,FALSE
CCDC14,FALSE
CDC42BPB,FALSE
RP11-361F15.2,FALSE
KIF4A,FALSE
CCNJL,FALSE
FAM179B,FALSE
ZMYM1,FALSE
GPBP1,FALSE
PSMG4,FALSE
ZNF439,FALSE
STXBP1,FALSE
ANGPTL2,FALSE
ESYT2,FALSE
SLC31A2,FALSE
SLC31A1,FALSE
ZNF440,FALSE
ZFP37,FALSE
ZNF189,FALSE
USP20,FALSE
PRPF4,FALSE
CDCA2,FALSE
LRRC8A,FALSE
TOR1B,FALSE
ODF2,FALSE
TXN,FALSE
KIAA0368,FALSE
TOR1A,FALSE
KLF4,FALSE
SMC2,FALSE
FIZ1,FALSE
NDUFB10,FALSE
PDPK1,FALSE
TIGD7,FALSE
FAM129B,FALSE
LRRK1,FALSE
DEF8,FALSE
RPS2,FALSE
ZSCAN32,FALSE
PGF,TRUE
LDLRAD3,FALSE
ACYP1,FALSE
RP11-74E22.6,FALSE
NEK9,FALSE
SATB2,FALSE
GTF3C3,FALSE
ACTB,FALSE
DNAL1,FALSE
NPC2,FALSE
DUX4L7,FALSE
ATP6V1G1,FALSE
MAP1LC3B,FALSE
MBTPS1,FALSE
BAAT,TRUE
CDH13,FALSE
NDUFB3,FALSE
PCNXL4,FALSE
ATG14,FALSE
KTN1,FALSE
KCTD2,FALSE
AREL1,FALSE
MRPL50,FALSE
MLH3,FALSE
TEX10,FALSE
CDH11,FALSE
DLGAP5,FALSE
PLCD3,FALSE
CDC42EP3,FALSE
BOLA3,FALSE
IDI2,TRUE
PTPN4,FALSE
ABCD4,FALSE
RNF149,FALSE
ERCC3,FALSE
IWS1,FALSE
FAM171A1,FALSE
MYL5,FALSE
PPIL3,FALSE
SPAG9,FALSE
RSU1,FALSE
TMEM236,TRUE
TM2D2,FALSE
FAM188A,FALSE
IFITM3,FALSE
USP6NL,FALSE
PROSER2,FALSE
SDC2,FALSE
COQ6,FALSE
C3orf38,FALSE
EIF2B2,FALSE
NRDE2,FALSE
UBA6,FALSE
RBM25,FALSE
AKAP11,FALSE
MUL1,FALSE
C5orf30,FALSE
RASAL2,FALSE
BAZ1A,FALSE
NOTCH1,FALSE
ZFAND6,FALSE
NDFIP2,FALSE
NACC2,FALSE
RP11-834C11.11,TRUE
NUCB2,FALSE
DPH7,FALSE
KIAA1328,FALSE
TMA7,FALSE
GPR107,FALSE
PHRF1,FALSE
LRSAM1,FALSE
RPL35,FALSE
PDCL,FALSE
HSPA14,FALSE
ARPC5L,FALSE
FAM73B,FALSE
PTGES,FALSE
TSTD2,FALSE
NCBP1,FALSE
ANP32B,FALSE
CALM1,FALSE
PSMB7,FALSE
RABEPK,FALSE
FZD5,FALSE
ITGB1BP1,FALSE
CCNYL1,FALSE
SPTY2D1,FALSE
DUX4L4,FALSE
PARD3,FALSE
BCAP29,FALSE
RP11-252A24.7,FALSE
RP11-483P21.3,TRUE
SRRT,FALSE
RETSAT,FALSE
RP11-430C7.5,TRUE
ABCC4,FALSE
EFNB2,FALSE
CDK6,FALSE
TK2,FALSE
PMPCB,FALSE
AC005355.1,TRUE
RAP2A,FALSE
TMTC4,FALSE
MAP7D3,FALSE
RNF182,FALSE
BET1,FALSE
NAMPT,FALSE
ATL1,FALSE
EP400,FALSE
TBC1D15,FALSE
IFFO2,FALSE
RP11-49C24.1,TRUE
USP22,FALSE
TWISTNB,FALSE
RRAD,FALSE
TOR1AIP2,FALSE
JAZF1,FALSE
ABCD1,FALSE
HIST1H2AC,FALSE
ATP11C,FALSE
STAG2,FALSE
XIAP,FALSE
MED16,FALSE
FAM96B,FALSE
SRPX,FALSE
OTUD3,FALSE
HIST1H2BC,FALSE
CCDC22,FALSE
ZNF706,FALSE
RNF170,FALSE
PPP3CC,FALSE
PCGF3,FALSE
MTRNR2L9,FALSE
RP11-797A18.4,TRUE
MIR4458HG,FALSE
MYO9B,FALSE
OCEL1,FALSE
MGA,FALSE
MZF1,FALSE
WDHD1,FALSE
PSMD8,FALSE
MAST3,FALSE
LYPLA1,FALSE
IDH2,FALSE
AVL9,FALSE
CYBRD1,FALSE
CCDC43,FALSE
TIMM21,FALSE
SEMA3D,FALSE
MPP6,FALSE
DFNA5,FALSE
DLAT,FALSE
C11orf57,FALSE
OGDH,FALSE
USP48,FALSE
PTS,FALSE
H2AFV,FALSE
RP11-221N13.4,TRUE
ATF7IP2,FALSE
PTDSS2,FALSE
ZC3HAV1,FALSE
GXYLT1,FALSE
RAB1B,FALSE
TTC26,FALSE
TMSB4X,FALSE
USP9Y,FALSE
TM9SF2,FALSE
UBE2C,FALSE
MIB2,FALSE
CACNA2D1,FALSE
ZFR,FALSE
C20orf195,TRUE
PPDPF,FALSE
MINA,FALSE
DEPDC7,FALSE
CAT,FALSE
SMC6,FALSE
C2orf44,FALSE
CRY2,FALSE
POLR2J,FALSE
LSM3,FALSE
FAM20A,FALSE
YWHAE,FALSE
C2orf48,TRUE
CCDC138,TRUE
NUP35,FALSE
KANSL1,FALSE
KIFAP3,FALSE
EFNB3,FALSE
MAPK8IP1,FALSE
MMD,FALSE
RANGRF,FALSE
SPDL1,FALSE
RAB44,TRUE
RNF126,FALSE
TSPAN6,FALSE
SKAP2,FALSE
MRTO4,FALSE
FSTL3,FALSE
RRP15,FALSE
MTPN,FALSE
DDX18,FALSE
TMED1,FALSE
KIF18A,FALSE
SORBS3,FALSE
CBLL1,FALSE
SP4,FALSE
PLEC,FALSE
MCAM,FALSE
HBP1,FALSE
INHBB,FALSE
CLU,FALSE
ZNF2,FALSE
DUSP4,FALSE
DDX31,FALSE
GTF3C4,FALSE
TTF1,FALSE
PTN,FALSE
FLNA,FALSE
PABPC4,FALSE
PITPNB,FALSE
TEC,TRUE
RP11-304L19.5,FALSE
RNF213,FALSE
UBE3B,FALSE
WDR37,FALSE
ENDOV,FALSE
COX7B,FALSE
PGAP3,FALSE
SH3BGRL,FALSE
ATR,FALSE
PHLDA2,FALSE
XYLT2,FALSE
C12orf23,FALSE
C12orf45,FALSE
HOOK2,FALSE
PCCA,FALSE
CHST2,FALSE
RFXANK,FALSE
STK11,FALSE
PRR24,FALSE
GZF1,FALSE
DUSP14,FALSE
STK35,FALSE
TMX4,FALSE
RBCK1,FALSE
FLRT3,FALSE
RRBP1,FALSE
BMP2,FALSE
YBX3,FALSE
LIN54,FALSE
OTOR,TRUE
ITPA,FALSE
TBC1D20,FALSE
MGME1,FALSE
SNRPB2,FALSE
MKKS,FALSE
PISD,FALSE
FAM110A,FALSE
TOMM70A,FALSE
STYK1,TRUE
RP11-274B21.8,TRUE
RP11-227G15.9,TRUE
FAM76A,FALSE
SYNM,FALSE
RP11-18H21.3,TRUE
CDYL2,FALSE
RLIM,FALSE
ABCB7,FALSE
RP3-393E18.2,TRUE
RP4-536B24.3,FALSE
EIF1AX,FALSE
PARL,FALSE
MRPS10,FALSE
NKAP,FALSE
PTPN2,FALSE
MID1,FALSE
CACNA1C,FALSE
DCP1B,FALSE
DCP2,FALSE
PSMD10,FALSE
ATG4A,FALSE
SMAD2,FALSE
TBL1X,FALSE
TRIM33,FALSE
TBK1,FALSE
MRPS22,FALSE
LINC00493,FALSE
POLA1,FALSE
ATMIN,FALSE
GS1-279B7.2,TRUE
PRPS2,FALSE
MOSPD1,FALSE
CTD-2410N18.3,FALSE
PI4KA,FALSE
SUV39H1,FALSE
CDKL4,TRUE
GPCPD1,FALSE
PANK2,FALSE
DMXL1,FALSE
ALG13,FALSE
DNTTIP2,FALSE
SEC62,FALSE
ZNF519,FALSE
WNK1,FALSE
WFIKKN2,FALSE
PLCB1,FALSE
VTRNA2-1,FALSE
TSHZ1,FALSE
PRKAR2B,FALSE
RPS6KL1,TRUE
RP11-122G18.8,TRUE
CNP,FALSE
VAPA,FALSE
USP14,FALSE
ENY2,FALSE
ASUN,FALSE
RP11-11N7.4,FALSE
ADNP2,FALSE
IL27RA,FALSE
CALCOCO2,FALSE
GS1-304P7.3,TRUE
VEZF1,FALSE
RSAD1,FALSE
NMT1,FALSE
METTL4,FALSE
LANCL2,FALSE
SEC61G,FALSE
MAP4,FALSE
DCAF7,FALSE
CEP63,FALSE
EGFR,FALSE
LINC01031,TRUE
RAB11A,FALSE
TEX2,FALSE
NSD1,FALSE
BRIP1,FALSE
BICD1,FALSE
LIMD2,FALSE
MTERFD2,FALSE
NDUFB7,FALSE
SIK2,FALSE
NUDCD1,FALSE
AK2,FALSE
HNRNPM,FALSE
IGDCC4,FALSE
KDM1A,FALSE
OLFML2A,FALSE
CNOT10,FALSE
NPAS4,FALSE
CDC45,FALSE
UST,FALSE
RCOR1,FALSE
PURB,FALSE
IGFBP3,FALSE
COMT,FALSE
ULBP1,FALSE
MRPL11,FALSE
PDHA1,FALSE
POLG2,TRUE
TMEM186,FALSE
NFE2L1,FALSE
ZFP90,FALSE
RP11-479G22.8,FALSE
TAS2R8,TRUE
NASP,FALSE
MUTYH,TRUE
ZNF469,FALSE
UBE2E3,FALSE
OPA1,FALSE
RP11-508N22.13,TRUE
KLF12,FALSE
STX10,FALSE
TRMT1,FALSE
OAZ1,FALSE
BRCC3,FALSE
SELT,FALSE
MTFMT,FALSE
ZDHHC6,FALSE
DLC1,FALSE
PTOV1,FALSE
TBC1D17,FALSE
ACOT12,TRUE
ZNF516,FALSE
TIMM44,FALSE
TNFRSF11B,FALSE
SNAPC2,FALSE
RAD21,FALSE
PEX2,FALSE
AES,FALSE
SGTA,FALSE
RNASEH2A,FALSE
SF3A2,FALSE
AMH,TRUE
FCGRT,FALSE
RMI1,FALSE
PIH1D1,FALSE
USP47,FALSE
C15orf41,FALSE
ERCC2,FALSE
PLEKHJ1,FALSE
RNMT,FALSE
TTC23,FALSE
UCHL1,FALSE
CEP192,FALSE
FAH,FALSE
CEP76,FALSE
KIAA1199,FALSE
MRPL13,FALSE
ANKRD13A,FALSE
FAM83C,FALSE
C19orf26,FALSE
CCZ1B,FALSE
C5orf54,FALSE
SNTB1,FALSE
LENG9,FALSE
VCL,FALSE
CREB5,FALSE
NECAB3,FALSE
HBA1,FALSE
RPL35A,FALSE
EIF2S2,FALSE
PTTG1IP,FALSE
ANKDD1B,TRUE
RALY,FALSE
SETD8,FALSE
FABP5,FALSE
GLI2,FALSE
CLASP1,FALSE
NIPAL4,FALSE
DLD,FALSE
BCL9L,FALSE
ZNF57,FALSE
CCBE1,FALSE
GYS1,FALSE
ST3GAL1,FALSE
NUCB1,FALSE
DHDH,TRUE
MPZL1,FALSE
HOXB2,FALSE
PUS7,FALSE
S100A6,FALSE
LAMB1,FALSE
LIN7B,FALSE
PIK3CA,FALSE
RELB,FALSE
ARHGEF11,FALSE
CLASRP,FALSE
KIAA0907,FALSE
SNRNP70,FALSE
PHF20L1,FALSE
NES,FALSE
HES5,FALSE
SMCHD1,FALSE
ZNF639,FALSE
NFKBIB,FALSE
POLI,FALSE
MIB1,FALSE
SLC8A1,FALSE
RIOK3,FALSE
RBBP8,FALSE
DNAJB6,FALSE
HOXA1,FALSE
TMEM209,FALSE
MET,FALSE
CAV1,FALSE
GIGYF1,FALSE
LMBR1,FALSE
AP4M1,FALSE
GPBAR1,FALSE
RP11-466F5.10,TRUE
USP50,TRUE
PRDM10,FALSE
COL12A1,FALSE
SNN,FALSE
AAGAB,FALSE
THAP3,FALSE
RIN1,FALSE
MN1,FALSE
LINC00614,TRUE
VTA1,FALSE
GUCD1,FALSE
TDP2,FALSE
BTN3A3,FALSE
DSE,FALSE
ZCCHC6,FALSE
KDM4D,TRUE
FAM212B,FALSE
RWDD1,FALSE
CPSF1,FALSE
YIF1A,FALSE
NFYA,FALSE
DTX2,FALSE
KDM4E,TRUE
C5orf34,FALSE
TMEM168,FALSE
CD248,FALSE
MITF,FALSE
GPC6,FALSE
ANO4,FALSE
AC144831.1,TRUE
TDP1,FALSE
PTPN11,FALSE
CCDC163P,TRUE
FAM161A,TRUE
AL133318.1,TRUE
YAF2,FALSE
FAM200A,FALSE
ZNF92,FALSE
MPI,FALSE
FOS,FALSE
TMED10,FALSE
LACTB,FALSE
HERC1,FALSE
MDH2,FALSE
TRIP4,FALSE
NEDD4,FALSE
POMZP3,FALSE
PSPH,FALSE
HIST1H4A,FALSE
HCN2,FALSE
ZNF595,FALSE
POLR2E,FALSE
FAM214A,FALSE
RNGTT,FALSE
MAN1A1,FALSE
NIPA1,FALSE
GABRR2,TRUE
CDC34,FALSE
TAS2R7,TRUE
MCM9,FALSE
ASF1A,FALSE
MKNK2,FALSE
WDR44,FALSE
IL13RA1,FALSE
ZBTB11,FALSE
GADD45B,FALSE
CEP85L,FALSE
ZFP1,FALSE
NEDD9,FALSE
PAK1IP1,FALSE
TAS2R9,TRUE
ARG2,FALSE
RP11-438C19.1,TRUE
RP4-597N16.4,TRUE
HRAS,FALSE
ATAD3A,FALSE
HDDC2,FALSE
SEPHS1,FALSE
TAF13,FALSE
ZNF449,FALSE
HINT3,FALSE
NCOA7,FALSE
DZIP3,FALSE
RHBDF2,FALSE
AC138035.2,FALSE
FAM219B,FALSE
AC012313.1,TRUE
HNRNPA3,FALSE
FBXW9,FALSE
RFX1,FALSE
DNAJB1,FALSE
ZRANB2,FALSE
DCAF15,FALSE
TARDBP,FALSE
HIST1H2BB,FALSE
EPS8,FALSE
CC2D1A,FALSE
QRICH2,FALSE
RAP1GAP2,FALSE
RP11-408A13.3,TRUE
RP11-305L7.7,TRUE
INPP5K,FALSE
RPA1,FALSE
SCYL3,FALSE
PKNOX1,FALSE
LHFP,FALSE
WDR4,FALSE
SLC17A8,TRUE
UBR2,FALSE
FTO,FALSE
ZNF561,FALSE
UBE2G1,FALSE
ZNF524,FALSE
UQCRC2,FALSE
ZDHHC24,FALSE
FMN1,FALSE
GNB5,FALSE
BZW2,FALSE
LINC01001,FALSE
ZNF138,FALSE
DBNL,FALSE
NACAD,FALSE
HUS1,FALSE
TBRG4,FALSE
DDX56,FALSE
CCM2,FALSE
TRMT6,FALSE
TTYH3,FALSE
KIF16B,FALSE
IGF2BP3,FALSE
RAC1,FALSE
GPNMB,FALSE
XPC,FALSE
JPX,FALSE
TBC1D13,FALSE
IL6,FALSE
KIAA1432,FALSE
SHOX,FALSE
MAPK6,FALSE
TAF12,FALSE
ASH2L,FALSE
SLC30A9,FALSE
HIST1H2BO,FALSE
TASP1,FALSE
RANBP3,FALSE
CTD-2541M15.4,TRUE
GAL3ST4,FALSE
F8A3,FALSE
HIST1H2BM,FALSE
ZSCAN25,FALSE
RHOQ,FALSE
RP11-383J24.6,FALSE
C5orf47,TRUE
RP11-242F4.2,FALSE
RP11-108L7.14,TRUE
NDUFAB1,FALSE
DHX38,FALSE
H3F3B,FALSE
UNK,FALSE
BCS1L,FALSE
TRIM47,FALSE
ITGB4,TRUE
CTD-2116N20.1,FALSE
KIFC3,FALSE
NLRC5,FALSE
KATNB1,FALSE
LSS,FALSE
CLEC18B,TRUE
ZFHX3,FALSE
TXNL4B,FALSE
NDUFS1,FALSE
MCM3AP,FALSE
PCNT,FALSE
RP11-96L7.2,TRUE
ATAD2B,FALSE
ATL2,FALSE
DENND2A,FALSE
ELFN1,FALSE
MPDZ,FALSE
FUBP3,FALSE
CTSF,FALSE
SBNO2,FALSE
AKAP12,FALSE
SYNE1,FALSE
CTC-462L7.1,TRUE
PPIL4,FALSE
HMG20B,FALSE
YPEL5,FALSE
WAPAL,FALSE
NDST1,FALSE
YIPF4,FALSE
LATS1,FALSE
PLCL2,FALSE
NCAPG2,FALSE
AFTPH,FALSE
B3GNT2,FALSE
NOM1,FALSE
CRIPT,FALSE
EIF4G3,FALSE
ABCB8,FALSE
CNRIP1,FALSE
LGALSL,FALSE
DPH3,FALSE
COX11,FALSE
STXBP4,FALSE
C14orf119,FALSE
FSCN1,FALSE
FERMT2,FALSE
PLEKHA5,FALSE
TNC,FALSE
C21orf33,FALSE
ICOSLG,FALSE
FAM207A,FALSE
AHCTF1,FALSE
RPS6KA3,FALSE
RNF185,FALSE
NLGN4Y,FALSE
ZNF804A,FALSE
TRAPPC10,FALSE
AGPAT3,FALSE
CSTB,FALSE
RRP1,FALSE
RRP1B,FALSE
PDXK,FALSE
U2AF1,FALSE
GRIK1-AS2,TRUE
AASS,FALSE
ACACA,FALSE
LHX1,TRUE
SEMA3A,FALSE
LMNA,FALSE
MED24,FALSE
PAQR6,TRUE
MRM1,FALSE
SEMA3C,FALSE
BAG1,FALSE
RAPGEF1,FALSE
SETX,FALSE
YWHAZ,FALSE
GLA,FALSE
NPDC1,FALSE
APBA1,FALSE
COX6C,FALSE
CRTC2,FALSE
KIF1C,FALSE
REV3L,FALSE
MPDU1,FALSE
FAM189B,FALSE
PLD2,FALSE
GPATCH4,FALSE
DDX58,FALSE
PIN4,FALSE
CTC-297N7.1,TRUE
TEX30,FALSE
TP53INP1,FALSE
SLC25A32,FALSE
DCAF13,FALSE
CTHRC1,FALSE
FZD6,FALSE
GEM,FALSE
KIAA1429,FALSE
MYO6,FALSE
PSMG1,FALSE
PPP1R15A,FALSE
HDAC2,FALSE
GLIS3,FALSE
BAX,FALSE
KIAA0196,FALSE
UBQLN4,FALSE
HIST1H3C,FALSE
KIAA1598,FALSE
RP11-446E9.2,TRUE
ZNF274,FALSE
LAMA2,FALSE
C18orf54,FALSE
KDM1B,FALSE
ZIK1,FALSE
NLN,FALSE
CDKL5,FALSE
SH3RF1,FALSE
TCEB3CL,TRUE
N4BP2,FALSE
RPAIN,FALSE
FAM64A,FALSE
SOX15,TRUE
SLC25A40,FALSE
UBE2K,FALSE
TIMP1,FALSE
ZBTB7B,FALSE
FLAD1,FALSE
ARMC5,FALSE
SPIDR,FALSE
PARN,FALSE
ESF1,FALSE
ZNF770,FALSE
SLC23A2,FALSE
HTATSF1,FALSE
CTD-2619J13.19,TRUE
TMEM230,FALSE
C16orf58,FALSE
ZNHIT2,FALSE
GABRE,FALSE
NUDT16,FALSE
C3orf35,TRUE
NUB1,FALSE
ADAR,FALSE
UBE2Q1,FALSE
FAM65C,FALSE
LITAF,FALSE
NFIX,FALSE
ABHD17B,FALSE
ZNF596,FALSE
BLVRB,FALSE
SF3B3,FALSE
USP11,FALSE
CDK16,FALSE
ZFAND5,FALSE
EXOSC3,FALSE
JADE3,FALSE
ABCA2,FALSE
LINC00642,TRUE
RP2,FALSE
OSGIN2,FALSE
RIPK4,FALSE
FBXO44,FALSE
LGALS4,TRUE
BICD2,FALSE
ZNF513,FALSE
CYTH3,FALSE
MAPRE2,FALSE
STK38L,FALSE
SYPL1,FALSE
ZMYM2,FALSE
SMEK2,FALSE
LYPLA2,FALSE
TMEM109,FALSE
TCEB3,FALSE
PNPT1,FALSE
DTX3,FALSE
ADCY3,FALSE
PPM1B,FALSE
UBA5,FALSE
RAB1A,FALSE
BCLAF1,FALSE
AC011366.3,TRUE
FBXO11,FALSE
EMILIN1,FALSE
HAUS8,FALSE
NKAPL,TRUE
ACTR2,FALSE
SLC5A6,FALSE
PREPL,FALSE
TBC1D1,FALSE
CXorf40B,FALSE
TRIM3,FALSE
CHORDC1,FALSE
DDX23,FALSE
LRPPRC,FALSE
REP15,TRUE
CENPO,FALSE
ADCY6,FALSE
SAPCD2,FALSE
TIMM23B,FALSE
ASAH2B,FALSE
AUTS2,FALSE
AGAP6,FALSE
RUFY2,FALSE
ZNF407,FALSE
HIC2,FALSE
C17orf62,FALSE
ARHGAP33,FALSE
HSPB6,FALSE
THOC2,FALSE
GRIA3,FALSE
ZNF354A,FALSE
FAM120B,FALSE
BYSL,FALSE
MIR181A1HG,FALSE
PLP2,FALSE
SMARCA1,FALSE
B3GNT6,TRUE
PLS3,FALSE
GUCA1B,TRUE
TBP,FALSE
C14orf28,FALSE
IMPA1,FALSE
VBP1,FALSE
KCND1,FALSE
RBBP7,FALSE
LRRCC1,FALSE
NR2C1,FALSE
QKI,FALSE
RP11-461L13.5,TRUE
CENPL,FALSE
ZBTB6,FALSE
TFEB,FALSE
CFH,FALSE
TMEM185A,FALSE
AP4E1,FALSE
PIM2,TRUE
GORAB,FALSE
GEMIN5,FALSE
MRPL22,FALSE
RFC3,FALSE
GPALPP1,FALSE
POSTN,FALSE
GLT8D2,FALSE
STARD13,FALSE
C6orf120,FALSE
LEMD3,FALSE
UTP20,FALSE
ZNF492,FALSE
ZKSCAN3,FALSE
TMPO,FALSE
HIST1H2BL,FALSE
UNC93B1,FALSE
ADAMTSL1,FALSE
DTX4,FALSE
OSBP,FALSE
ATG2A,FALSE
EHD1,FALSE
LPXN,FALSE
GLRX3,FALSE
TSPYL1,FALSE
TDRP,FALSE
CPT1A,FALSE
CCND1,FALSE
TAL2,TRUE
AHCYL2,FALSE
PPP6R3,FALSE
FOXRED1,FALSE
SUV420H1,FALSE
SLC35A2,FALSE
ARID3B,FALSE
EMD,FALSE
ZBTB42,FALSE
ZBTB9,FALSE
PDGFA,FALSE
MAGT1,FALSE
PGK1,FALSE
ATP11B,FALSE
CLK3,FALSE
USP13,FALSE
TAZ,FALSE
AC010536.1,TRUE
PRKCA,FALSE
TMEM66,FALSE
HNRNPH1,FALSE
ADIPOR2,FALSE
CD99L2,FALSE
UBL4A,FALSE
DKFZP667F0711,TRUE
GPR126,FALSE
PLK4,FALSE
HECA,FALSE
EIF5AL1,FALSE
ZFHX4,FALSE
EPT1,FALSE
APAF1,FALSE
SELO,FALSE
CCDC53,FALSE
HADHB,FALSE
SLC10A5,FALSE
HGSNAT,FALSE
COG6,FALSE
SPG20,FALSE
NFYB,FALSE
IFT172,FALSE
TIMP2,FALSE
MTERFD3,FALSE
CBL,FALSE
EDEM1,FALSE
ARL8B,FALSE
BHLHE40,FALSE
OR2B6,TRUE
TBCC,FALSE
PPP1R16A,FALSE
RCC1,FALSE
MED20,FALSE
ARAF,FALSE
HIST1H2BJ,FALSE
CTR9,FALSE
C1orf213,FALSE
UBE4A,FALSE
MAD2L1BP,FALSE
SDF4,FALSE
ATP2A2,FALSE
PRKDC,FALSE
RP11-129I19.2,TRUE
RP11-533E19.7,TRUE
PERP,FALSE
SLC7A2,FALSE
TOMM20,FALSE
HEATR5B,FALSE
STX3,FALSE
HIST1H1A,FALSE
RECQL4,FALSE
ZNF786,FALSE
C6orf62,FALSE
SMAP1,FALSE
RPS12,FALSE
NAV2,FALSE
GMNN,FALSE
FAM111A,FALSE
LDHAL6A,TRUE
ZC3HC1,FALSE
PSPC1,FALSE
TCEAL8,FALSE
TBC1D23,FALSE
HBS1L,FALSE
AC106900.6,TRUE
MRPL54,FALSE
ERCC8,FALSE
CPLX4,FALSE
XRCC5,FALSE
IRAK2,FALSE
RNF141,FALSE
SEC11C,FALSE
KIAA1377,FALSE
LEMD2,FALSE
GALNT18,FALSE
BIRC2,FALSE
ADAMTS6,FALSE
ZNF34,FALSE
TUBE1,FALSE
GLO1,FALSE
CDKN1A,FALSE
PUM2,FALSE
RREB1,FALSE
ATXN1,FALSE
NUP153,FALSE
TRNAU1AP,TRUE
SLC35B3,FALSE
RPP40,FALSE
MCRS1,FALSE
CEP164,FALSE
RBPMS,FALSE
DIP2A,FALSE
DEK,FALSE
LINC00393,FALSE
ARHGEF17,FALSE
MFN1,FALSE
STRN4,FALSE
MED23,FALSE
KLHDC3,FALSE
TADA3,FALSE
EDC3,FALSE
JAGN1,FALSE
TFB1M,FALSE
ICAM1,FALSE
WASF1,FALSE
AIM1,FALSE
ZNF37A,FALSE
ZNF451,FALSE
SAP18,FALSE
N6AMT2,TRUE
BAG2,FALSE
DLG4,FALSE
SEC61A1,FALSE
PTP4A1,FALSE
E2F3,FALSE
ASCC3,FALSE
SIM1,FALSE
PRELID1,FALSE
UPF3B,FALSE
Sep-06,FALSE
CCNC,FALSE
SDF2,FALSE
TMCO3,FALSE
DCUN1D2,FALSE
ADRB2,TRUE
LINC00324,FALSE
TMX3,FALSE
GRAP,TRUE
ADI1,FALSE
ERAL1,FALSE
HSF2,FALSE
C17orf103,FALSE
CD109,FALSE
MUC2,FALSE
LBH,FALSE
BOLA1,TRUE
HMCES,FALSE
EEF1A1,FALSE
FKBP7,FALSE
OSBPL6,FALSE
ZDHHC7,FALSE
DCN,FALSE
WDR70,FALSE
INPP5F,FALSE
SLX4,FALSE
RP11-255C15.4,FALSE
RPS6KC1,FALSE
RASSF5,TRUE
ANKH,FALSE
C2orf66,TRUE
BAZ2A,FALSE
ZNF746,FALSE
SH2B1,FALSE
SLC25A28,FALSE
MADD,FALSE
R3HCC1L,FALSE
SERTAD2,FALSE
GOT1,FALSE
DVL1,FALSE
TRERF1,FALSE
ZFYVE27,FALSE
C10orf76,FALSE
MMS19,FALSE
HTRA1,FALSE
ZNF304,FALSE
HSD17B7,TRUE
FAM229A,FALSE
SFMBT2,FALSE
GRK5,FALSE
ATP9B,FALSE
SERPINB7,FALSE
RP11-46A10.2,TRUE
NCAPH,FALSE
RP11-352G9.1,FALSE
CTA-217C2.1,FALSE
DCLRE1A,FALSE
BTN2A2,FALSE
C12orf4,FALSE
EXOC4,FALSE
RNF139-AS1,FALSE
KIAA1279,FALSE
SGMS1,FALSE
SLC38A9,FALSE
THUMPD1,FALSE
BTN1A1,TRUE
C2CD2,FALSE
AMBRA1,FALSE
SNRPC,FALSE
GPATCH1,FALSE
TAOK2,FALSE
FASTKD1,FALSE
SERPINB6,FALSE
WDR11,FALSE
FRMD8,FALSE
PEX6,FALSE
PPP4C,FALSE
HIRIP3,FALSE
HIST1H4B,FALSE
MX1,TRUE
PVRL1,FALSE
VRK2,FALSE
ABI2,FALSE
WDR12,FALSE
ITGAV,FALSE
PRDX5,FALSE
CHRNA1,TRUE
SSFA2,FALSE
CIR1,FALSE
OLA1,FALSE
FAN1,FALSE
RTKN2,FALSE
DYRK1A,FALSE
TBX18,FALSE
CHST15,FALSE
VPS45,FALSE
HLX,FALSE
KCTD3,FALSE
PDHX,FALSE
C9orf91,FALSE
LDHC,TRUE
EPRS,FALSE
ETS2,FALSE
HIPK3,FALSE
KIAA1549L,FALSE
RP11-379B18.5,FALSE
KIAA0355,FALSE
TNS1,FALSE
ZNF618,FALSE
MAP4K3,FALSE
RHPN2,FALSE
AC084082.3,FALSE
HECW2,FALSE
C5orf22,FALSE
SLC25A6,FALSE
CEP68,FALSE
GPR157,FALSE
SOS1,FALSE
NOB1,FALSE
ORC4,FALSE
PNO1,FALSE
ORC2,FALSE
AR,FALSE
DHRSX,FALSE
ASMTL,FALSE
CHST11,FALSE
MSS51,FALSE
USP54,FALSE
PIGW,FALSE
FOXO1,FALSE
CCNY,FALSE
WEE1,FALSE
ALDH18A1,FALSE
C8orf88,FALSE
CUL2,FALSE
ANAPC16,FALSE
CCDC6,FALSE
SENP6,FALSE
RNF169,FALSE
AOX1,TRUE
VEGFA,FALSE
WBP1L,FALSE
SSB,FALSE
NAB1,FALSE
TFAM,FALSE
SHOC2,FALSE
BARD1,FALSE
SMARCAL1,FALSE
PRPF4B,FALSE
HPS5,FALSE
SMC3,FALSE
ZNF143,TRUE
ISL2,FALSE
TMEM41B,FALSE
CDH24,FALSE
XPNPEP1,FALSE
SSTR1,FALSE
RPL27A,FALSE
FAM208B,FALSE
GTF2H1,FALSE
BTN2A1,FALSE
FAM46A,FALSE
AIP,FALSE
TRAK2,FALSE
FIGN,FALSE
ATF2,FALSE
LACC1,FALSE
THADA,FALSE
CHKA,FALSE
RXRA,FALSE
YOD1,FALSE
TRMT61B,FALSE
LRRC41,FALSE
RPAP1,FALSE
UBALD1,FALSE
RP11-539L10.2,TRUE
FAM73A,FALSE
DDX60L,FALSE
FAR2,FALSE
KLHL28,FALSE
AC023137.2,TRUE
SAV1,FALSE
GALNS,FALSE
GAS8,FALSE
KIAA0040,FALSE
NDC1,FALSE
TSPAN14,FALSE
RANBP10,FALSE
DOHH,FALSE
MAU2,FALSE
TET3,FALSE
TBC1D12,FALSE
RP11-178G16.5,FALSE
SGPL1,FALSE
PCBD1,FALSE
ABHD17A,FALSE
ZNF638,FALSE
CTNNBIP1,FALSE
GFOD2,FALSE
PRKCE,FALSE
C11orf58,FALSE
PBLD,FALSE
BTRC,FALSE
PPIF,FALSE
DPCD,FALSE
SLIT3,FALSE
FMNL1,FALSE
CD81,FALSE
ORAI2,FALSE
ALKBH4,FALSE
OSBPL3,FALSE
KIAA1551,FALSE
TMEM135,FALSE
PPP2R5D,FALSE
DCAF5,FALSE
ZMIZ1,FALSE
HIF1AN,FALSE
WRN,FALSE
RP11-434I12.3,TRUE
GLTSCR1L,FALSE
CCDC77,FALSE
RAB15,FALSE
CARS,FALSE
DUSP22,FALSE
PACS2,FALSE
EXOC2,FALSE
SLC38A6,FALSE
NAA30,FALSE
ALG8,FALSE
PELI2,FALSE
PTK7,FALSE
UVRAG,FALSE
CUL9,FALSE
DNPH1,FALSE
RP11-461L13.4,TRUE
CPSF4,FALSE
TMX1,FALSE
RBM22,FALSE
NOLC1,FALSE
TMEM87A,FALSE
TMEM30A,FALSE
GMDS,FALSE
IBTK,FALSE
COX7A2,FALSE
CEP152,FALSE
ZNF106,FALSE
RAN,FALSE
PLEKHB2,FALSE
NOL10,FALSE
BIRC6,FALSE
OPN3,FALSE
NFATC1,FALSE
LIG4,FALSE
ARHGAP32,FALSE
ID2,FALSE
SLC5A11,TRUE
PBX1,FALSE
ODC1,FALSE
HPCAL1,FALSE
XAB2,FALSE
ARHGEF1,FALSE
POU3F1,TRUE
MBD6,FALSE
MARS,FALSE
ABCF2,FALSE
ZSWIM1,FALSE
MTX1,FALSE
ZNF276,FALSE
ADPGK,FALSE
RAET1G,FALSE
DENND4A,FALSE
RNF167,FALSE
ENO3,FALSE
MCCC1,FALSE
MED13,FALSE
INTS2,FALSE
DHX40,FALSE
MRC1,TRUE
FAM168B,FALSE
CENPW,FALSE
KPNB1,FALSE
PLXNB2,FALSE
MGAT5,FALSE
WDR5,FALSE
MKL1,FALSE
PTMA,FALSE
ZNF546,FALSE
KIAA1217,FALSE
MECOM,FALSE
MYNN,FALSE
MASTL,FALSE
RECQL5,FALSE
HIPK2,FALSE
RPL26L1,FALSE
CUL5,FALSE
ZNF202,FALSE
GALK1,TRUE
YIPF1,FALSE
F10,FALSE
TUBGCP3,FALSE
IARS,FALSE
RP11-11C20.3,TRUE
RFX7,FALSE
F2R,FALSE
SCRIB,FALSE
SYNE2,FALSE
PCID2,FALSE
QPCTL,FALSE
FAHD1,FALSE
PIP4K2C,FALSE
FAM83H,FALSE
SFT2D2,FALSE
IDI1,FALSE
PFKP,FALSE
DENND1B,FALSE
CTD-3025N20.3,FALSE
SDC1,FALSE
RNF166,FALSE
TIMM10,FALSE
SRSF7,FALSE
RP11-434H6.7,TRUE
DARS,FALSE
CYCS,FALSE
RGL2,FALSE
F8A1,FALSE
TOMM34,FALSE
SLC25A12,FALSE
RP4-555D20.2,FALSE
STARD9,TRUE
DCHS1,FALSE
TMEM258,FALSE
PYGM,FALSE
ILK,FALSE
SMPD1,FALSE
APBB1,FALSE
ADRA2A,TRUE
ASNS,FALSE
CNKSR3,FALSE
SOX9,FALSE
SMARCD2,FALSE
RASD1,FALSE
RAI1,FALSE
NUP88,FALSE
TRAM2-AS1,FALSE
MAB21L3,TRUE
ATP2B4,FALSE
C6orf164,TRUE
MRPS11,FALSE
NDUFA2,FALSE
AKAP10,FALSE
KCNE4,FALSE
FTSJ3,FALSE
KIF3A,FALSE
RP11-571M6.18,TRUE
ZC3H11A,FALSE
BLMH,FALSE
GFPT2,TRUE
GOSR1,FALSE
CPD,FALSE
PTBP1,FALSE
DCAF17,FALSE
PRKD3,FALSE
RAB3GAP1,FALSE
STRN,FALSE
AKAP17A,FALSE
CEBPZ,FALSE
RP11-114I8.4,TRUE
RP11-817O13.8,FALSE
BCAM,FALSE
CD274,FALSE
CLIC4,FALSE
CAAP1,FALSE
RCL1,FALSE
KIAA0895L,FALSE
SMYD3,FALSE
GGPS1,FALSE
RP11-1006G14.1,TRUE
EHBP1,FALSE
OTX1,FALSE
PDCL3,FALSE
COQ10B,FALSE
CTC-297N7.8,FALSE
ITPR1,FALSE
NOV,FALSE
SF3B1,FALSE
ST3GAL5,FALSE
MYC,FALSE
CHST10,FALSE
ANK1,FALSE
RAB33B,FALSE
KDM3A,FALSE
ENPP2,FALSE
NUBP2,FALSE
UBE2D2,FALSE
DIAPH1,FALSE
ANKHD1,FALSE
NSUN3,FALSE
PEX12,FALSE
CHMP3,FALSE
DERL1,FALSE
DSCC1,FALSE
RELL1,FALSE
AC009404.2,FALSE
XRCC6,FALSE
SNX29,FALSE
SESTD1,FALSE
RP11-95D17.1,FALSE
TAF1D,FALSE
ABTB2,FALSE
NSUN2,FALSE
FAM49B,FALSE
ASAP1,FALSE
CEP57,FALSE
DDX5,FALSE
UTP6,FALSE
C17orf75,FALSE
ZNF79,FALSE
LGALS3BP,FALSE
PSMD11,FALSE
CYTH1,FALSE
CDC23,FALSE
TMSB10,FALSE
JAM3,FALSE
ORC6,FALSE
GSTM2,FALSE
ROR1,FALSE
DYNLL1,FALSE
SEC22C,FALSE
HEXIM1,FALSE
RP11-638I2.6,TRUE
RP11-803P9.1,TRUE
PLEKHG4,FALSE
PPP2R3A,FALSE
CTD-2568P8.1,TRUE
DYNLL2,FALSE
PAPD5,FALSE
ADCY7,FALSE
ACTC1,FALSE
ANKRD29,FALSE
IMPACT,FALSE
NPR2,FALSE
RAB3B,FALSE
SLC50A1,FALSE
CABYR,TRUE
NUS1,FALSE
HDLBP,FALSE
IGF2BP2,FALSE
LINC00638,TRUE
THBS3,FALSE
STK16,FALSE
RP11-546O6.4,TRUE
GOLGA6A,FALSE
UXS1,FALSE
KIFC1,FALSE
HYI,FALSE
FHL2,FALSE
SLC25A20,FALSE
THRAP3,FALSE
EFTUD2,FALSE
NOL7,FALSE
DUSP3,FALSE
RP11-819C21.1,TRUE
STK25,FALSE
LUC7L3,FALSE
ABCC3,FALSE
ZUFSP,FALSE
PPP1R7,FALSE
SMURF2,FALSE
LRRC59,FALSE
MRPL27,FALSE
PPP1R9B,FALSE
NOP58,FALSE
COL1A1,FALSE
LRRC40,FALSE
TCF7L1,FALSE
DOCK1,FALSE
SPC25,FALSE
RP11-173M1.8,TRUE
OR4F3,TRUE
CROCC,FALSE
CNTNAP1,FALSE
APBA3,FALSE
API5,FALSE
ZWILCH,FALSE
RPL4,FALSE
FAM177A1,FALSE
AKAP6,FALSE
ANKRD40,FALSE
MBIP,FALSE
ATP2A1,TRUE
RP11-671J11.6,TRUE
PRR16,FALSE
KCNQ5,FALSE
HCCS,FALSE
MAP3K13,FALSE
DIMT1,FALSE
USP36,FALSE
SNX1,FALSE
WDR75,FALSE
ZFAND3,FALSE
AGFG2,FALSE
LANCL1,FALSE
LSM5,FALSE
TXLNG,FALSE
RUVBL1,FALSE
WBP11,FALSE
PHF8,FALSE
RBM28,FALSE
USP42,FALSE
IMPDH1,FALSE
FAM192A,FALSE
RIMKLB,FALSE
ALS2CL,FALSE
SERPINE1,FALSE
AP1S1,FALSE
HUWE1,FALSE
DOK1,FALSE
HSP90B1,FALSE
ZCCHC9,FALSE
SLC30A6,FALSE
ASXL1,FALSE
PCOLCE,FALSE
HNRNPA0,FALSE
POLE4,FALSE
ATG2B,FALSE
CNOT3,FALSE
CCDC88A,FALSE
MAP1B,FALSE
MRPL18,FALSE
RNASE4,FALSE
AUP1,FALSE
LMBRD1,FALSE
HTRA2,FALSE
FENDRR,FALSE
HIST1H2BI,FALSE
MKX,FALSE
HIST1H2AE,FALSE
TLE1,FALSE
HEBP2,FALSE
CAP2,FALSE
DLG3,FALSE
BCYRN1,FALSE
NCK2,FALSE
MDN1,FALSE
DKFZP434O1614,TRUE
RP11-410L14.2,FALSE
ICK,FALSE
CD83,TRUE
RNF8,FALSE
RPL31,FALSE
ARHGEF39,TRUE
ERO1L,FALSE
DENND4C,FALSE
RP11-1057B6.1,TRUE
RPS6,FALSE
HK2,FALSE
PDP2,FALSE
C1GALT1,FALSE
CLIP4,FALSE
MAPK13,FALSE
CD72,TRUE
RPA3,FALSE
PLOD3,FALSE
YME1L1,FALSE
ABI1,FALSE
ASF1B,FALSE
ZKSCAN1,FALSE
PDAP1,FALSE
DNAJC1,FALSE
NPTX2,TRUE
GGCX,FALSE
CCT4,FALSE
USP34,FALSE
HSPB1,FALSE
IGFBP5,FALSE
EFHD1,FALSE
MCCC2,FALSE
SERPINB1,FALSE
UNC50,FALSE
EML1,FALSE
STAM,FALSE
AP3S1,FALSE
MED14,FALSE
MRPL45,FALSE
BCL2L1,FALSE
ELMOD3,FALSE
RP5-1068E13.7,FALSE
ENKD1,FALSE
TMEM5,FALSE
PAPOLG,FALSE
MAN1A2,FALSE
MIER1,FALSE
FAF1,FALSE
GLS,FALSE
STAT1,FALSE
FN1,FALSE
RP11-463O12.3,TRUE
FBLN1,FALSE
COL27A1,FALSE
SZT2,FALSE
LSM14A,FALSE
MAPK14,FALSE
SLC44A2,FALSE
CDKN2D,FALSE
SRSF3,FALSE
TAP1,FALSE
LYPD4,FALSE
KCTD20,FALSE
HSPB7,FALSE
STK38,FALSE
SIT1,TRUE
RNF38,FALSE
RP11-561B11.3,TRUE
NAP1L1,FALSE
FANCE,FALSE
PPARD,FALSE
APTX,FALSE
UBAP2,FALSE
MTRF1L,FALSE
HDAC6,FALSE
FSCN2,TRUE
SLC35G5,TRUE
MASP1,FALSE
KAT6A,FALSE
UQCRH,FALSE
SOD2,FALSE
MRPL43,FALSE
NUDT1,FALSE
EIF3B,FALSE
AKT1,FALSE
ACVR2A,FALSE
XXbac-BPG248L24.13,TRUE
RP11-434P11.2,TRUE
MPHOSPH8,FALSE
TMEM64,FALSE
PITPNA,FALSE
PRPF8,FALSE
EPB41L5,FALSE
FYTTD1,FALSE
SF3B14,FALSE
GNA11,FALSE
NOD1,FALSE
SYNPO2,FALSE
STAM2,FALSE
SUZ12,FALSE
KHSRP,FALSE
OOEP,TRUE
GPD2,FALSE
AAAS,FALSE
CBX5,FALSE
TBC1D2B,FALSE
EIF2AK2,FALSE
ANKIB1,FALSE
CDC40,FALSE
AFF1,FALSE
ERN1,FALSE
CTD-2207P18.2,TRUE
ZNF782,FALSE
CWC25,FALSE
MLLT6,FALSE
RPL19,FALSE
ACTG1,FALSE
RUVBL2,FALSE
MSRB3,FALSE
DERA,FALSE
UBASH3B,FALSE
TADA2A,FALSE
CXorf40A,FALSE
NUFIP2,FALSE
RP11-358M11.3,TRUE
CLPTM1L,FALSE
TBCEL,FALSE
AATF,FALSE
DHRS11,TRUE
NCL,FALSE
FAHD2A,FALSE
CHCHD2,FALSE
MOB2,FALSE
ACTR3,FALSE
B4GALNT4,FALSE
SLC35F5,FALSE
LMAN1,FALSE
NDUFA4,FALSE
RP11-214C8.2,TRUE
PSMD14,FALSE
SNX17,FALSE
ARID5B,FALSE
CDH2,FALSE
EIF2B4,FALSE
IQCE,FALSE
DALRD3,FALSE
BRAT1,FALSE
LFNG,FALSE
MOGS,FALSE
IMPG2,TRUE
PPM1G,FALSE
PCNP,FALSE
SNORD3C,FALSE
NPM1,FALSE
TCEA2,FALSE
NAB2,FALSE
STAT6,FALSE
GNB2,FALSE
BPGM,FALSE
ANAPC4,FALSE
ZC3H18,FALSE
SNRNP48,FALSE
PEPD,FALSE
POLR1D,FALSE
ZNF81,FALSE
ELOVL5,FALSE
GOLGA6C,TRUE
FBXO22,FALSE
TRIM37,FALSE
EPC1,FALSE
RAD51C,FALSE
Sep-04,FALSE
MTMR4,FALSE
HIBADH,FALSE
RP11-364L4.3,TRUE
RP11-686O6.2,FALSE
GOLGA5,FALSE
TAX1BP1,FALSE
LRRC66,TRUE
TANC1,FALSE
RAPGEFL1,FALSE
UPRT,FALSE
STRAP,FALSE
CASC3,FALSE
PSMD3,FALSE
ACVR1,FALSE
SSBP1,FALSE
GPATCH8,FALSE
MLF1,TRUE
CPED1,FALSE
NET1,FALSE
PLEKHA8,FALSE
UBTF,FALSE
ZBTB4,FALSE
GRB10,FALSE
FKBP14,FALSE
UBE2V2,FALSE
SFSWAP,FALSE
DIO3,FALSE
HSP90AA1,FALSE
RPS18,FALSE
RP11-464F9.22,TRUE
SIN3A,FALSE
PTPLAD1,FALSE
THYN1,FALSE
NCAPD3,FALSE
TTC3,FALSE
DPP8,FALSE
PLTP,FALSE
FRY,FALSE
CUL3,FALSE
GSS,FALSE
PCIF1,FALSE
THEM4,FALSE
CPXM1,FALSE
TRPC4AP,FALSE
SECISBP2L,FALSE
USP8,FALSE
BMPR2,FALSE
TMOD3,FALSE
EZH2,FALSE
TMEM106B,FALSE
MEST,TRUE
XRN2,FALSE
TRAF3IP1,FALSE
VDAC3,FALSE
PHF14,FALSE
NRF1,FALSE
CLDN15,FALSE
ADARB1,FALSE
ZDBF2,FALSE
RP11-318E3.9,FALSE
GTF2F2,FALSE
QRSL1,FALSE
SNX9,FALSE
TULP4,FALSE
PSEN1,TRUE
TMEM165,FALSE
CLOCK,FALSE
AMFR,FALSE
NTM,FALSE
MAS1,TRUE
GPBP1L1,FALSE
MLLT4,FALSE
XPO1,FALSE
CCDC17,TRUE
SLC39A9,FALSE
ETFDH,FALSE
SCN9A,FALSE
MRPL32,FALSE
PLRG1,FALSE
PHF20,FALSE
UFL1,FALSE
CLIP1,FALSE
SYNPO,FALSE
CCDC62,TRUE
HIP1R,FALSE
GLI3,FALSE
COL5A2,FALSE
ACTN1,FALSE
AHR,FALSE
CHCHD3,FALSE
TSPAN13,FALSE
TMEM175,FALSE
ZNF397,FALSE
ZSCAN30,FALSE
RARRES2,FALSE
FGFRL1,FALSE
ZFYVE26,FALSE
ME3,FALSE
RP11-909M7.3,FALSE
PSMA4,FALSE
RP11-344N10.5,TRUE
BTBD9,FALSE
DFNB31,FALSE
EXT2,FALSE
MON2,FALSE
NANS,FALSE
VPS41,FALSE
VEZT,FALSE
BNC1,FALSE
EZR,FALSE
ZNF718,FALSE
JADE1,FALSE
COL18A1,FALSE
YTHDF3,FALSE
AC016586.1,FALSE
PDE4A,FALSE
GTF2IRD1,FALSE
GAL,FALSE
ERMARD,FALSE
NOL8,FALSE
CTA-384D8.34,TRUE
ZEB2,FALSE
ADSSL1,FALSE
KIAA2018,FALSE
MBD5,TRUE
SLC38A11,FALSE
FLI1,FALSE
SIRPA,FALSE
CLIP2,FALSE
CDK1,FALSE
PPID,FALSE
ZNF646,FALSE
EIF4H,FALSE
INPP5B,FALSE
LIMK1,FALSE
ZNF335,FALSE
RNF11,FALSE
WDR25,FALSE
NFU1,FALSE
PCBP1,FALSE
KCMF1,FALSE
TMEM248,FALSE
MCM2,FALSE
COA1,FALSE
BLVRA,FALSE
PRKAG2,FALSE
RHEB,FALSE
AEBP1,FALSE
DBF4,FALSE
YKT6,FALSE
SNORD3B-1,FALSE
PNRC2,FALSE
PTMS,FALSE
ARID1B,FALSE
SAC3D1,FALSE
PSMC2,FALSE
CHRNA5,TRUE
LTBP3,FALSE
C11orf83,TRUE
VHLL,FALSE
UBE2D4,FALSE
RPL13,FALSE
RC3H2,FALSE
PAFAH1B2,FALSE
SIPA1L1,FALSE
RP11-182L21.6,FALSE
MVD,FALSE
SF1,FALSE
TRAPPC2L,FALSE
TELO2,FALSE
TOR4A,FALSE
PRPF39,FALSE
BUB1,FALSE
SLC3A2,FALSE
POLR2G,FALSE
GPAM,FALSE
ANTXR1,FALSE
CKAP2L,FALSE
IFIT2,FALSE
ATG16L2,FALSE
C2CD3,FALSE
DDRGK1,FALSE
PPP1R3C,FALSE
APLF,TRUE
FAM178A,FALSE
ELOVL3,TRUE
IFIT3,FALSE
TCTN3,FALSE
FAM45A,FALSE
HELLS,FALSE
SMNDC1,FALSE
MXI1,FALSE
PYROXD2,FALSE
TCTN2,FALSE
KIF18B,FALSE
RP11-121C2.2,FALSE
CNOT4,FALSE
MLF2,FALSE
LAG3,FALSE
AEN,FALSE
GAS7,FALSE
TNFAIP2,TRUE
GRN,FALSE
C15orf40,FALSE
RPL28,FALSE
UBE2S,FALSE
CAHM,FALSE
FBLL1,TRUE
LINC00342,FALSE
COLEC11,TRUE
FBXO42,FALSE
KDM2B,FALSE
ANAPC5,FALSE
SLC8B1,FALSE
TMEM107,FALSE
TBX2,FALSE
TBX4,FALSE
SLC35B1,FALSE
AKAP1,FALSE
C9orf40,FALSE
ANXA1,FALSE
CTSL,FALSE
NAA35,FALSE
SCPEP1,FALSE
TMEM2,FALSE
AGTPBP1,FALSE
TRIM25,FALSE
SELPLG,TRUE
GOLM1,FALSE
COQ5,FALSE
ISCA1,FALSE
PSAT1,FALSE
CORO1C,FALSE
PRDM4,FALSE
SENP5,FALSE
GMCL1,FALSE
MSH2,FALSE
PPFIBP1,FALSE
BTBD10,FALSE
MED17,FALSE
DNA2,FALSE
NCOA6,FALSE
ZNF365,FALSE
CDKN1C,TRUE
OIT3,FALSE
RPS24,FALSE
LIN7C,FALSE
SRPR,FALSE
ASCC1,FALSE
PLA2G12B,TRUE
RP11-584P21.2,TRUE
KIAA0947,FALSE
KDM7A,FALSE
BAIAP2L1,FALSE
PGAP2,FALSE
RALA,FALSE
EDIL3,FALSE
ITGA2,FALSE
RN7SL832P,FALSE
NIPBL,FALSE
NDUFAF2,FALSE
TMEM161B,FALSE
LMBRD2,FALSE
S100A4,FALSE
LDOC1,FALSE
EPX,TRUE
GMFB,FALSE
FAM214B,FALSE
RPLP0,FALSE
GCN1L1,FALSE
ADCK5,FALSE
STK40,FALSE
SEMA4A,TRUE
RELT,FALSE
MCC,TRUE
IKBKAP,FALSE
KDELC2,FALSE
FAM168A,FALSE
ATP6AP2,FALSE
RP11-69C13.1,TRUE
RRN3,FALSE
LTA,FALSE
BCL2L11,TRUE
RP11-221N13.2,TRUE
MAP2K1,FALSE
FEM1B,FALSE
BIRC5,FALSE
CTDP1,FALSE
AGK,FALSE
MYBL1,FALSE
ZDHHC18,FALSE
HIST1H4C,FALSE
NUP160,FALSE
PHACTR4,FALSE
APCDD1L,FALSE
NT5C,FALSE
IGF2R,FALSE
ATP1B3,FALSE
SLC25A35,FALSE
PHTF2,FALSE
NYNRIN,FALSE
MRPS7,FALSE
NUP85,FALSE
SLC25A19,FALSE
IL6ST,FALSE
ZNF213,FALSE
APOBEC3B,FALSE
PPP1R3B,FALSE
AP1S2,FALSE
RPL8,FALSE
RPL6,FALSE
AC018890.4,TRUE
MAPKAPK5,FALSE
E2F6,FALSE
PTGER4,FALSE
OXLD1,FALSE
TMEM57,FALSE
TNKS,FALSE
ROR2,FALSE
TEX14,TRUE
WDR73,FALSE
ENO1,FALSE
OR5AU1,TRUE
C6orf211,FALSE
RP11-60A24.3,TRUE
PNLDC1,TRUE
WTAP,FALSE
AGAP2-AS1,FALSE
CA12,FALSE
ZBTB45,FALSE
TPM2,FALSE
CD55,FALSE
CDKN2B,FALSE
TMEM181,FALSE
PARG,FALSE
HAUS6,FALSE
MTFR2,FALSE
SHPRH,FALSE
AIG1,FALSE
NRARP,TRUE
UHRF2,FALSE
AK3,FALSE
DYNLT1,FALSE
ANAPC1,FALSE
CHST14,FALSE
TMEM39A,FALSE
NKRF,FALSE
PQLC2,FALSE
RP11-508N22.12,TRUE
LAS1L,FALSE
POU2F2,FALSE
C17orf59,FALSE
CYP2U1,FALSE
MAST4,FALSE
RP11-47A8.5,FALSE
MYO18A,FALSE
ZNF680,FALSE
DDX10,FALSE
ENC1,FALSE
AHNAK2,FALSE
OFD1,FALSE
MUC3A,TRUE
HVCN1,FALSE
IFT81,FALSE
C12orf65,FALSE
CDK7,FALSE
PIP4K2A,FALSE
CCNB1,FALSE
MRPS36,FALSE
CRLS1,FALSE
ZNF75D,FALSE
ZNF543,FALSE
SRRM2,FALSE
KCTD5,FALSE
ECI1,FALSE
ZNF598,FALSE
SPIN3,FALSE
SAMD9L,FALSE
ZNF184,FALSE
GUSB,FALSE
NR4A2,FALSE
RANBP2,FALSE
CIT,FALSE
RBM19,FALSE
CCDC58,FALSE
ZNF597,FALSE
RP11-12M5.4,TRUE
KALRN,FALSE
ZNF25,FALSE
DYNC1H1,FALSE
MED1,FALSE
MPV17L2,FALSE
MRPS35,FALSE
NADK,FALSE
CIAPIN1,FALSE
COMMD6,FALSE
C20orf194,FALSE
FKBP1A,FALSE
MALSU1,FALSE
SLC4A11,FALSE
ZFP36L1,FALSE
HLA-B,FALSE
TBX5,FALSE
ATRN,FALSE
HDAC3,FALSE
RP11-203H2.2,TRUE
BRAP,FALSE
NF1,FALSE
HSP90AB1,FALSE
AMZ2,FALSE
RGS12,FALSE
MPRIP,FALSE
YWHAQ,FALSE
PEMT,FALSE
MYH10,FALSE
ROCK2,FALSE
ZNF813,FALSE
KIDINS220,FALSE
PPP1R13B,FALSE
ASNA1,FALSE
LPIN1,FALSE
HSF1,FALSE
SLC43A2,FALSE
FMNL2,FALSE
KIAA1191,FALSE
RPS14,FALSE
DNAJC28,FALSE
TNFRSF10D,FALSE
TNFRSF10C,TRUE
RP13-516M14.1,FALSE
FAM76B,FALSE
GLOD4,FALSE
HIST1H2BD,FALSE
CEP70,FALSE
RPF2,TRUE
CAP1,FALSE
PPT1,FALSE
VAMP8,TRUE
BCR,FALSE
SREBF1,FALSE
SLC6A9,FALSE
SAP30L,FALSE
GDAP2,FALSE
TXNRD3,FALSE
MAP3K5,FALSE
KAT2B,FALSE
ZNF69,FALSE
BNC2,FALSE
ZNF568,FALSE
POLB,FALSE
EIF2S1,FALSE
HIST1H3D,FALSE
SLC25A36,FALSE
LRRIQ4,TRUE
XRN1,FALSE
CTD-3105H18.13,FALSE
PLSCR1,FALSE
AGPAT2,FALSE
RNF219,FALSE
NFKB2,FALSE
TM9SF3,FALSE
ZNF865,FALSE
ZCCHC7,FALSE
CTBP1,FALSE
RP11-97O12.2,TRUE
AC004449.6,FALSE
UBL5,FALSE
ZNF608,FALSE
ARMC8,FALSE
SFXN1,FALSE
CREBRF,FALSE
PDE7B,FALSE
CARS2,FALSE
ITPR3,FALSE
KDELC1,FALSE
ZNF292,FALSE
HIST1H4D,FALSE
NF2,FALSE
ZNF329,FALSE
ZNF101,FALSE
GPHN,TRUE
ENPP1,FALSE
Sep-08,FALSE
SHROOM1,FALSE
GDF9,TRUE
POLR1C,FALSE
ALDH3A2,FALSE
CDC5L,FALSE
TSR1,FALSE
ZNF124,FALSE
TERC,FALSE
CEP120,FALSE
WDR81,FALSE
CCDC12,FALSE
CYB5D2,FALSE
BCL3,FALSE
RPS9,FALSE
FAM104A,FALSE
SLC39A11,FALSE
OGG1,FALSE
NIT2,FALSE
FAM162A,FALSE
YRDC,FALSE
KPNA1,FALSE
RP11-494H4.3,TRUE
WRB,FALSE
TMEM131,FALSE
E2F8,FALSE
TMEM99,FALSE
ANO10,FALSE
HDAC7,FALSE
FAM26F,TRUE
POLK,FALSE
CTBP2,FALSE
PRDM1,FALSE
ATG5,FALSE
RP11-54O7.3,FALSE
TRIB1,FALSE
C19orf52,FALSE
GFM2,FALSE
NSA2,FALSE
CARM1,FALSE
EVI5L,FALSE
RCN3,FALSE
ZNF614,FALSE
UTP15,FALSE
UBLCP1,FALSE
EBF1,FALSE
ANKRA2,FALSE
ATG7,FALSE
RICTOR,FALSE
NOSIP,FALSE
PAPD4,FALSE
ERCC6L,FALSE
IL4R,FALSE
GTF3C1,FALSE
MYOF,FALSE
RPS11,FALSE
CMYA5,TRUE
TGM2,FALSE
ERAP2,FALSE
ERAP1,FALSE
SERINC5,FALSE
TOP1,FALSE
ATAD1,FALSE
LOXL4,FALSE
USE1,FALSE
LIN52,FALSE
HIST1H4J,FALSE
RP11-465B22.5,TRUE
EPN2,FALSE
LYN,FALSE
TACC2,FALSE
KIF11,FALSE
DUSP5,FALSE
PPARA,FALSE
AK5,FALSE
KIF20B,FALSE
TUBA4A,TRUE
ARL3,FALSE
SEC63,FALSE
PLCE1,FALSE
AAMP,FALSE
PNKD,FALSE
EXOC6,FALSE
SRBD1,FALSE
DHRS4,FALSE
SRP68,FALSE
EVPL,TRUE
GDNF,FALSE
ATP5H,FALSE
ICT1,FALSE
MIS12,FALSE
PABPC1,FALSE
TTC7A,FALSE
FOSL2,FALSE
NPIPA1,FALSE
DGAT1,TRUE
LMO4,FALSE
DZIP1L,FALSE
ZNF560,FALSE
MTF2,FALSE
YTHDF1,FALSE
LSM14B,FALSE
SYNGAP1,FALSE
PTCRA,TRUE
HJURP,FALSE
RP13-270P17.3,FALSE
HKR1,FALSE
GRPEL2,FALSE
SOGA1,FALSE
SPATA25,TRUE
DSN1,FALSE
C6orf141,FALSE
ARSK,FALSE
RHOBTB3,FALSE
OSTC,FALSE
CCDC112,FALSE
MRPL10,FALSE
AGAP1,FALSE
ZDHHC17,FALSE
CMBL,FALSE
TAF11,FALSE
ANKS1A,FALSE
WDR41,FALSE
MGEA5,FALSE
AGGF1,FALSE
NDUFS4,FALSE
IL23A,TRUE
MTO1,FALSE
HS1BP3,FALSE
C2orf43,FALSE
WDR35,FALSE
CCAR2,FALSE
UBE3A,FALSE
PGGT1B,FALSE
CSRNP2,FALSE
VEPH1,FALSE
MVK,FALSE
SLC25A46,FALSE
SLC11A2,FALSE
IRF2BP1,FALSE
ANXA7,FALSE
FAM149B1,FALSE
NCOA4,FALSE
CTD-2085J24.4,FALSE
EPB41L1,FALSE
LSG1,FALSE
PTGES3,FALSE
ATP5B,FALSE
POLR1A,FALSE
CXCL2,FALSE
MMP14,FALSE
TPX2,FALSE
TIMM23,FALSE
MTFR1,FALSE
ZFAT,FALSE
BUB3,FALSE
DNAJC21,FALSE
EMP3,FALSE
HTR1B,FALSE
NT5E,FALSE
SAE1,FALSE
ENGASE,TRUE
DMTF1,FALSE
MAP3K7,FALSE
WTIP,FALSE
UBE2Z,FALSE
SNF8,FALSE
AKIRIN2,FALSE
ORC3,FALSE
TMEM126A,FALSE
CTC-428G20.3,FALSE
MYO9A,FALSE
MPP5,FALSE
DOCK9,FALSE
PFKFB3,TRUE
TBL3,FALSE
RPS6KB2,FALSE
TBC1D8,FALSE
PHAX,FALSE
ALDH7A1,FALSE
LIMS1,FALSE
FAM173B,FALSE
RP11-498E2.8,TRUE
ELP3,FALSE
SNRPA,FALSE
RP11-66D17.3,TRUE
HIST1H2BF,FALSE
RP1-167G20.1,TRUE
ATP6V1A,FALSE
FAM160B2,FALSE
MORC2,FALSE
LARGE,FALSE
SIKE1,FALSE
GSTT2B,FALSE
SDHA,FALSE
CDK12,FALSE
CPNE7,FALSE
POM121C,FALSE
C3orf52,FALSE
PLXNA1,FALSE
CC2D1B,FALSE
RINT1,FALSE
NCBP2,FALSE
MDFIC,FALSE
ANKRD10,FALSE
ADAM33,FALSE
FASTKD2,FALSE
ZNF552,FALSE
NRP2,FALSE
SRPK2,FALSE
CREB1,FALSE
KLF7,FALSE
DGKA,FALSE
GPR180,FALSE
CCDC124,FALSE
RPS7,FALSE
S100A14,FALSE
KAZN,FALSE
TGDS,FALSE
SLC35E2B,FALSE
SEPW1,FALSE
FARP1,FALSE
TRAPPC12,FALSE
SPRTN,FALSE
RRM2,FALSE
MTMR6,FALSE
UCP2,FALSE
UCP3,TRUE
NIF3L1,FALSE
SLC7A1,FALSE
PAAF1,FALSE
LNX2,FALSE
HIST1H4K,FALSE
RAB6A,FALSE
HIST1H2BK,FALSE
EFHC1,FALSE
TMEM14A,FALSE
MTMR12,FALSE
BRPF3,FALSE
WDR60,FALSE
FKBP5,FALSE
SRPK1,FALSE
PPP2R5C,FALSE
MIA3,FALSE
CCDC85B,FALSE
HEATR3,FALSE
TRIM26,FALSE
ZNF227,FALSE
ZBED5,FALSE
NUPL1,FALSE
ACAN,FALSE
RP11-30P6.6,TRUE
ACER2,TRUE
CMTM4,FALSE
ENTHD2,FALSE
C16orf87,FALSE
GBE1,FALSE
ZNF236,FALSE
ACAP3,FALSE
ENAH,FALSE
CSRP1,FALSE
RP1-69D17.4,TRUE
C1orf159,FALSE
LRBA,FALSE
RPSAP58,FALSE
METTL13,FALSE
IFT57,FALSE
SV2A,FALSE
BBX,FALSE
CBLB,FALSE
FXR1,FALSE
GTF2E1,FALSE
C3orf14,TRUE
LAMB3,FALSE
TRIM11,FALSE
SLX4IP,FALSE
SCAMP4,FALSE
CCDC97,FALSE
REPS1,FALSE
RBM33,FALSE
LINC00568,TRUE
DPP9,FALSE
NHSL1,FALSE
AHI1,FALSE
PRMT7,FALSE
ELN,FALSE
RFC2,FALSE
STIL,FALSE
CD164,FALSE
ESD,FALSE
TMEM33,FALSE
LPAR6,FALSE
HNRNPA1L2,FALSE
RB1,FALSE
WDFY2,FALSE
SBDS,FALSE
DCUN1D4,FALSE
OCIAD1,FALSE
SART1,FALSE
SLAIN2,FALSE
ZNF248,FALSE
BRCA2,FALSE
KIF5B,FALSE
RPL24,FALSE
AGPAT6,FALSE
USP46,FALSE
NPRL2,FALSE
KLHL15,FALSE
MAP3K2,FALSE
CCSAP,FALSE
MARCH5,FALSE
ZBTB34,FALSE
CTD-2526A2.2,TRUE
MTSS1L,FALSE
HIST1H2BE,FALSE
PRKAR2A,FALSE
ITGA6,FALSE
ACAP2,FALSE
C12orf73,FALSE
TUFM,FALSE
MLTK,FALSE
GNAT1,TRUE
ECT2,FALSE
NRIP3,FALSE
EIF1AD,FALSE
PAN3,FALSE
EIF3F,FALSE
TMEM254,FALSE
UBP1,FALSE
WDR36,FALSE
NREP,FALSE
FBXL2,FALSE
CHIC2,FALSE
MBNL2,FALSE
AGAP9,FALSE
FAM107B,FALSE
ZNF260,FALSE
DIAPH3,FALSE
LAMTOR3,FALSE
RBM26,FALSE
RP11-305P14.1,TRUE
NPIPA7,FALSE
BANF1,FALSE
ZKSCAN2,FALSE
RBM8A,FALSE
PRKAB2,FALSE
LAT2,TRUE
SLU7,FALSE
CORO6,FALSE
CAMLG,FALSE
ADIPOR1,FALSE
PEX11B,FALSE
PIAS3,FALSE
PSMB4,FALSE
B4GALT5,FALSE
LPGAT1,FALSE
BTG2,FALSE
SPATA2,FALSE
HIST3H2A,FALSE
PSMD4,FALSE
MAN1B1,FALSE
C11orf24,FALSE
FUNDC1,FALSE
ATP13A2,FALSE
USP12,FALSE
PATE1,TRUE
ATXN2,FALSE
FUT8,FALSE
FBXO48,TRUE
PLAGL1,FALSE
FBXO30,FALSE
SUCLG2,FALSE
CRYBG3,FALSE
HDAC4,FALSE
UBXN2B,FALSE
ZNF678,FALSE
PHF3,FALSE
DPM1,FALSE
WIBG,FALSE
FAM98C,FALSE
MCM6,FALSE
ATP6AP1,FALSE
TARSL2,FALSE
DENND5B,FALSE
SAFB2,FALSE
RPN2,FALSE
CTD-2540B15.12,TRUE
KRT8,FALSE
RP11-932A10.1,TRUE
GTPBP3,FALSE
RP11-424G14.1,TRUE
ZNF558,FALSE
SACS,FALSE
MLXIP,FALSE
COA3,FALSE
EMC7,FALSE
KATNBL1,FALSE
KLHL2,FALSE
GOLGA6B,TRUE
RPL34,FALSE
MRC2,FALSE
CPE,FALSE
LSM7,FALSE
TNFAIP3,FALSE
MEIS2,FALSE
DDA1,FALSE
ACER1,TRUE
COLGALT1,FALSE
ZNF83,FALSE
SPCS1,FALSE
GALNT2,FALSE
HCN3,FALSE
C1orf131,FALSE
ACTA1,FALSE
CTGF,FALSE
PKLR,TRUE
RIT1,FALSE
DCAF4L1,TRUE
ALDH8A1,TRUE
SGK1,FALSE
RNF146,FALSE
IPMK,FALSE
CYB5R4,FALSE
BIRC3,FALSE
GATAD2B,FALSE
C1orf43,FALSE
UBC,FALSE
ZNF330,FALSE
ZSCAN22,FALSE
GAB1,FALSE
INPP4B,FALSE
NT5C2,FALSE
BLM,FALSE
LYST,FALSE
TBC1D9,FALSE
MRPL42,FALSE
UBXN1,FALSE
MARK2,FALSE
GNG3,TRUE
IRAK4,FALSE
C6orf132,FALSE
DCBLD2,FALSE
ZNF84,FALSE
MLLT1,FALSE
NEU3,TRUE
SLC9A6,FALSE
CYB561A3,FALSE
C17orf100,FALSE
KPNA5,FALSE
TTC32,FALSE
HAX1,FALSE
CNOT1,FALSE
PLAG1,FALSE
DLG5,FALSE
ELF2,FALSE
ACTN4,FALSE
HIST1H3E,FALSE
ARHGAP1,FALSE
DIP2C,FALSE
CKAP5,FALSE
ZNF408,FALSE
ELOVL4,FALSE
SNX11,FALSE
TP53BP2,FALSE
IFT88,FALSE
BBS2,FALSE
RAB13,FALSE
TP53I11,FALSE
NFKB1,FALSE
AREG,FALSE
MANBA,FALSE
MT2A,FALSE
C16orf70,FALSE
UBAP2L,FALSE
UBE2D3,FALSE
GOT2,FALSE
SNAPIN,FALSE
MFSD10,FALSE
PHLPP1,FALSE
RNF44,FALSE
ZNF708,FALSE
TMEM158,FALSE
ATP8B1,FALSE
MBLAC2,FALSE
VAMP7,FALSE
PLSCR4,FALSE
SOX13,FALSE
SAMD14,FALSE
DAXX,FALSE
LBR,FALSE
EPHX1,FALSE
AMD1,FALSE
CSPG5,FALSE
RING1,FALSE
SLC35A4,FALSE
EIF3CL,FALSE
RXRB,FALSE
NSMF,FALSE
SCAP,FALSE
CC2D2A,FALSE
LCMT1,FALSE
NEK11,TRUE
PKN3,FALSE
ZDHHC12,FALSE
KLHL3,TRUE
GAMT,FALSE
TTC9C,FALSE
LYSMD3,FALSE
SIRT6,FALSE
SRFBP1,FALSE
TOR2A,FALSE
TRIM41,FALSE
USP45,FALSE
NDUFAF4,FALSE
MBTD1,FALSE
RPS6KA4,FALSE
C6orf106,FALSE
ERO1LB,TRUE
NBAS,FALSE
TTC19,FALSE
INPP4A,FALSE
GPSM1,FALSE
SF3B5,FALSE
SP2,FALSE
STIM2,FALSE
WHSC1,FALSE
CISH,FALSE
SH3D19,FALSE
GPR3,FALSE
CRK,FALSE
WARS,FALSE
SCAMP1,FALSE
AMIGO1,TRUE
WDR48,FALSE
ZNF107,FALSE
NEIL3,FALSE
COMMD2,FALSE
SLC35B2,FALSE
DERL2,FALSE
TRIM2,FALSE
PPIA,FALSE
SEPHS2,FALSE
FZD9,FALSE
WDR20,FALSE
PLEKHA6,FALSE
PPP1CC,FALSE
CEP170,FALSE
SOD3,FALSE
PBX2,FALSE
SEPSECS,FALSE
AGER,FALSE
AGPAT1,FALSE
DHX15,FALSE
PRRT1,TRUE
EIF1B,FALSE
EHMT2,FALSE
GRAMD1B,FALSE
KLHL24,FALSE
RRP9,FALSE
ID4,FALSE
PIM3,FALSE
NELFE,FALSE
ABCC5,FALSE
LINC00341,FALSE
CDC37L1,FALSE
SLC2A6,FALSE
CACFD1,FALSE
TBC1D22B,FALSE
LDLR,FALSE
PRKCDBP,FALSE
PDXDC1,FALSE
ZXDB,FALSE
HIST1H2AG,FALSE
PRKCSH,FALSE
RNH1,FALSE
ELOF1,FALSE
CNN1,FALSE
MSANTD4,FALSE
LRP5,FALSE
FIS1,FALSE
FER,FALSE
ANKRD18B,FALSE
MORF4L1,FALSE
VAV2,FALSE
FHL1,FALSE
DPYSL2,FALSE
CDC25C,FALSE
ZNF521,FALSE
ALPK2,FALSE
GPR1,FALSE
APOE,FALSE
PVRL2,FALSE
TOMM40,FALSE
LINC00940,TRUE
GALNT7,FALSE
INPP1,FALSE
ADAM17,TRUE
FOXO3,FALSE
WDR89,FALSE
FOXP1,FALSE
CDC42BPA,FALSE
ITPKB,FALSE
ZBTB47,FALSE
NKTR,FALSE
CLCN2,FALSE
C1orf35,FALSE
PARP1,FALSE
DNAH1,FALSE
PSMB8,FALSE
CLCN3,FALSE
AADAT,FALSE
SRP9,FALSE
ZNF619,FALSE
SNAP47,FALSE
NVL,FALSE
JDP2,FALSE
GRPEL1,FALSE
ARF1,FALSE
WWP1,FALSE
RERE,FALSE
BBS10,FALSE
DEGS1,FALSE
FRG1,FALSE
GAR1,FALSE
ADCK4,FALSE
TMCO2,TRUE
POU2F1,FALSE
TMEM201,FALSE
TMCO1,FALSE
DYNC2H1,FALSE
TBX19,FALSE
KARS,FALSE
PTGR1,FALSE
SENP7,FALSE
SUSD1,FALSE
PSAP,FALSE
PDE5A,FALSE
PVRL3,FALSE
RP11-134G8.8,FALSE
BAG6,FALSE
PRRC2A,FALSE
CCNG2,FALSE
CNOT6L,FALSE
USO1,FALSE
MAST2,FALSE
SCARB2,FALSE
NFKBIL1,FALSE
CDKL2,TRUE
NUP54,FALSE
BMP2K,FALSE
G3BP2,FALSE
Sep-11,FALSE
GSTCD,FALSE
CABLES1,FALSE
KCTD1,FALSE
INTS12,FALSE
GPANK1,FALSE
SHROOM3,FALSE
PDSS2,FALSE
PPA2,FALSE
CNEP1R1,FALSE
HADH,FALSE
NSUN5,FALSE
ZNF180,FALSE
ZNF226,FALSE
TRIM28,FALSE
CHMP2A,FALSE
HSPA1B,FALSE
C6orf48,FALSE
MAPK1IP1L,FALSE
ATG4D,FALSE
LARP1B,FALSE
SCARB1,FALSE
LSM2,FALSE
RFWD2,FALSE
PDE4B,FALSE
MCMBP,FALSE
FAM19A3,TRUE
TLK2,FALSE
TMEM160,FALSE
ZC3H4,FALSE
MAPK9,FALSE
AKNA,FALSE
NUF2,FALSE
PPOX,FALSE
UFC1,FALSE
MAP3K10,FALSE
F13B,TRUE
ZNF707,FALSE
CERS6,FALSE
USP21,FALSE
PFDN2,FALSE
RPS4X,FALSE
MYLK,FALSE
SDHC,FALSE
EPHB4,FALSE
NMB,FALSE
CCHCR1,FALSE
FAM3A,FALSE
TRIM14,FALSE
KIAA1468,FALSE
HLA-C,FALSE
NARS,FALSE
TGFBR1,FALSE
MICB,FALSE
MEGF9,FALSE
FAM101B,FALSE
TMEM245,FALSE
PRUNE2,FALSE
CTTNBP2NL,FALSE
SAMD4A,FALSE
TMEM241,FALSE
KLHDC4,FALSE
MED27,FALSE
STRIP1,FALSE
FAM50A,FALSE
NOC2L,FALSE
LAMP2,FALSE
MIER3,FALSE
SPIN1,FALSE
ZFX,FALSE
PPFIA1,FALSE
NMRK1,FALSE
TYRO3,FALSE
RSPH9,TRUE
TRPM7,FALSE
RP5-1086K13.1,TRUE
GTPBP2,FALSE
HLA-E,FALSE
MYEOV2,FALSE
UGDH,FALSE
PRR3,FALSE
MANEA,FALSE
DHX16,FALSE
QARS,FALSE
PPP1R10,FALSE
MRPS18B,FALSE
ZBTB25,FALSE
RAPGEF2,FALSE
ACAD9,FALSE
SEC24B,FALSE
RPS27L,FALSE
PAPSS1,FALSE
DNMT1,FALSE
EIF3G,FALSE
DDX24,FALSE
ACADVL,FALSE
KLHL26,FALSE
CSNK1G3,FALSE
GPX4,FALSE
PPP3CA,FALSE
ZNF331,FALSE
TPM4,FALSE
USP49,FALSE
LINC00657,FALSE
FNDC7,FALSE
TPCN1,FALSE
TLE4,FALSE
TAF9,FALSE
C1orf162,FALSE
ITGA10,TRUE
POM121,FALSE
SEC61B,FALSE
CNOT8,FALSE
LARP1,FALSE
SEMA4B,FALSE
RNF14,FALSE
ALDH9A1,FALSE
CIB1,FALSE
MPC2,FALSE
ATP1B1,FALSE
DCAF6,FALSE
ZNF75A,FALSE
CREG1,FALSE
DBR1,FALSE
ZNF627,FALSE
PPP1R11,FALSE
TMEM216,FALSE
VKORC1L1,FALSE
ZFPM1,FALSE
IFT140,FALSE
TPGS2,FALSE
FHOD3,FALSE
HCG9,TRUE
ZNF43,FALSE
MYO5A,FALSE
CCDC92,FALSE
DNAJC13,FALSE
NFKBID,FALSE
HNRNPC,FALSE
FKTN,FALSE
RWDD4,FALSE
AC016700.2,TRUE
FOXJ2,FALSE
ELP2,FALSE
HECTD1,FALSE
G2E3,FALSE
PPP2R2A,FALSE
RPS20,FALSE
ARNT,FALSE
C19orf55,FALSE
ME1,FALSE
POGZ,FALSE
UBE2D1,FALSE
TBL1XR1,FALSE
CERS2,FALSE
SELENBP1,FALSE
TOX4,FALSE
LASP1,FALSE
SUPT16H,FALSE
RHOBTB1,FALSE
ANP32E,FALSE
SUCO,FALSE
NAGA,FALSE
INTS7,FALSE
ZNF557,FALSE
TAF1A,FALSE
AC073321.4,TRUE
ZKSCAN5,FALSE
CDC42SE2,FALSE
EIF2AK3,FALSE
USP7,FALSE
TRPM4,FALSE
RAB3IL1,FALSE
TMEM262,TRUE
SREBF2,FALSE
FTH1,FALSE
DTL,FALSE
DYRK3,FALSE
VWCE,TRUE
ZNF480,FALSE
EIF2D,FALSE
TOMM7,FALSE
UNC119B,FALSE
GOLPH3L,FALSE
GABPB2,FALSE
GDF15,FALSE
PGPEP1,FALSE
ZNF528,FALSE
KIAA1683,TRUE
FSD1L,FALSE
DDB1,FALSE
TEAD1,FALSE
A2M,FALSE
TRIM27,FALSE
TMEM184B,FALSE
ZCCHC10,FALSE
OSGEP,FALSE
MTHFR,FALSE
PRCC,FALSE
CALCOCO1,FALSE
KANSL3,FALSE
LMAN2L,FALSE
SLC7A8,FALSE
FOXQ1,FALSE
PHLDB1,FALSE
MOB1A,FALSE
PSME1,FALSE
ADAM23,FALSE
ANGEL1,FALSE
UBTD2,FALSE
PPP2R3C,FALSE
PITHD1,FALSE
INO80D,FALSE
PLGLB1,TRUE
RRNAD1,FALSE
SCFD1,FALSE
MRPL24,FALSE
LINC01072,TRUE
NR2C2,FALSE
GRIK2,FALSE
CRABP2,FALSE
ABL2,FALSE
XPR1,FALSE
MB21D1,FALSE
ZBTB40,FALSE
DCBLD1,FALSE
MAP2K3,FALSE
ZNF687,FALSE
TARS2,FALSE
PAK4,FALSE
SETDB1,FALSE
SNX27,FALSE
MCL1,FALSE
ADAMTSL4,FALSE
ZNF146,FALSE
UBN1,FALSE
CTSK,FALSE
RFX5,FALSE
PI4KB,FALSE
SELM,FALSE
LENG8,FALSE
DZIP1,FALSE
COL4A2,FALSE
TOR1AIP1,FALSE
ARGLU1,FALSE
HMCN1,FALSE
RGL1,FALSE
ARIH2,FALSE
ZNF444,FALSE
HDGFRP2,FALSE
EEF2,FALSE
DAPK3,FALSE
TUFT1,TRUE
DDX41,FALSE
ECM1,FALSE
CEP290,FALSE
NDUFB6,FALSE
TCEB1,FALSE
THRA,FALSE
ZNF367,FALSE
C9orf89,FALSE
NR1D1,FALSE
RFPL4A,TRUE
NAP1L4,FALSE
VCP,FALSE
ACAA1,FALSE
RRM1,FALSE
NOL6,FALSE
SEH1L,FALSE
ZHX3,FALSE
CCDC125,TRUE
SLC9A3R2,FALSE
ZBTB38,FALSE
ASS1,FALSE
PER3,FALSE
VAMP3,FALSE
UCK1,FALSE
TNFRSF9,TRUE
PRRC2B,FALSE
TERF2IP,FALSE
CTNNA1,FALSE
AFMID,FALSE
DGKI,FALSE
C17orf70,FALSE
SLC46A1,FALSE
IFIT1,FALSE
FAM132A,TRUE
NFX1,FALSE
TIAL1,FALSE
FANCA,FALSE
SOAT1,FALSE
SOCS4,FALSE
FANCC,FALSE
HIST1H1B,FALSE
GAPVD1,FALSE
TLCD2,FALSE
FAM3C,FALSE
RUNX1T1,FALSE
LINC00265,FALSE
LAMTOR4,FALSE
SVEP1,FALSE
WDR18,FALSE
C9orf64,FALSE
KIF27,TRUE
HNRNPK,FALSE
ZNF844,TRUE
LCMT2,FALSE
ANKS6,FALSE
RUFY1,FALSE
ARHGEF10L,FALSE
ZNF235,FALSE
ZNF233,TRUE
COL5A1,FALSE
AC016751.2,TRUE
AMPH,FALSE
UBE2A,FALSE
JUN,FALSE
P4HB,FALSE
AP1G1,FALSE
PREP,FALSE
HACE1,FALSE
FBN2,FALSE
AGTRAP,FALSE
WDR27,FALSE
KIAA0430,FALSE
SGIP1,FALSE
UBN2,FALSE
YPEL2,FALSE
B4GALT1,FALSE
DNAJA1,FALSE
VPS4B,FALSE
CHMP5,FALSE
BRAF,FALSE
KDSR,FALSE
RNF19A,FALSE
ARIH2OS,FALSE
ADIG,TRUE
ANKRD13C,FALSE
FAM183B,TRUE
CEP350,FALSE
ZNF721,FALSE
KIAA1614,FALSE
TRA2A,FALSE
PIGC,FALSE
STK17A,FALSE
FAM129A,FALSE
TRAF4,FALSE
SLC37A3,FALSE
LAMC1,FALSE
RC3H1,FALSE
ABCA1,FALSE
COG5,FALSE
LYRM4,TRUE
IPO7,FALSE
CDC42,FALSE
FRAT2,FALSE
UBAP1,FALSE
ZNF230,FALSE
WNK4,FALSE
ZNF430,FALSE
HABP4,FALSE
SLC35D2,FALSE
BECN1,FALSE
CSF1,FALSE
RNPEPL1,FALSE
FBXL7,FALSE
PHF2,FALSE
UBL3,FALSE
ALDH1A1,FALSE
RPL21,FALSE
GLUL,FALSE
DHX9,FALSE
RASL11A,TRUE
MAMDC2,FALSE
ANKFY1,FALSE
SLC44A1,FALSE
PRKG1,FALSE
GNPTG,FALSE
ROBO1,FALSE
KIF14,FALSE
DDX59,FALSE
RP5-1125A11.1,FALSE
KDM5A,FALSE
AP3D1,FALSE
JRKL,FALSE
SPTAN1,FALSE
NGFR,TRUE
CPXM2,FALSE
MSH4,TRUE
MIOS,FALSE
STEAP1,FALSE
DAND5,TRUE
DLX3,TRUE
RWDD2A,FALSE
XXbac-B135H6.18,FALSE
COL1A2,FALSE
AC007952.5,TRUE
LGR4,FALSE
EGLN1,FALSE
URB2,FALSE
EIF2B3,FALSE
RP11-381K20.5,TRUE
TESK2,TRUE
LINC01058,TRUE
RP9,FALSE
CCDC168,TRUE
BMPER,FALSE
NSRP1,FALSE
C7orf60,FALSE
RP11-563J2.2,TRUE
ZNF12,FALSE
ARL17A,FALSE
RPIA,FALSE
C4orf21,FALSE
PCDH10,FALSE
HNRNPD,FALSE
COPS4,FALSE
RMND5A,FALSE
AP1AR,FALSE
PCSK5,FALSE
PCYT2,FALSE
RP11-488L18.10,FALSE
SEC31A,FALSE
ZMYND11,FALSE
BBS7,FALSE
LSMD1,FALSE
KIAA1109,FALSE
DNMBP,FALSE
RAB11FIP2,FALSE
TACSTD2,FALSE
AKTIP,FALSE
ARHGAP24,FALSE
PHYH,FALSE
HPS1,FALSE
RP11-51G5.1,TRUE
HERC3,FALSE
FAM13A,FALSE
CACUL1,FALSE
CALR,FALSE
CAMSAP2,FALSE
EIF3A,FALSE
FAM91A1,FALSE
ATF6,FALSE
CXCL12,FALSE
RAP1GDS1,FALSE
PGM3,FALSE
DLGAP4,FALSE
WIPI2,FALSE
RAD23A,FALSE
RBL1,FALSE
RPL12,FALSE
KIAA0319L,FALSE
ZNF593,FALSE
SHCBP1,FALSE
ANGPT1,FALSE
VPS13A,FALSE
MZT1,FALSE
RP11-420G6.4,TRUE
WDR54,FALSE
SIVA1,FALSE
LMTK2,FALSE
GCFC2,FALSE
PEX14,FALSE
RPS27,FALSE
SH3BGRL3,FALSE
LAP3,FALSE
PIP5K1C,FALSE
RPL11,FALSE
CTSA,FALSE
FAM160B1,FALSE
ZNF609,FALSE
RANBP17,FALSE
SERINC3,FALSE
RAD54B,FALSE
RBM38,FALSE
GTF2E2,FALSE
TSC22D1,FALSE
CLN5,FALSE
MEDAG,FALSE
PXDN,FALSE
NETO2,FALSE
SLC9A1,FALSE
QSOX2,FALSE
ZNF736,FALSE
TMCC1,FALSE
TRIM69,TRUE
GMIP,FALSE
OAZ2,FALSE
AK8,FALSE
TSC1,FALSE
RP11-274B21.9,TRUE
FAM109A,FALSE
SDCCAG3,FALSE
PMPCA,FALSE
VTI1A,FALSE
ZNF529,FALSE
CDK13,FALSE
ZNF566,FALSE
MAPK8,FALSE
AIFM2,FALSE
EVL,FALSE
SEC23IP,FALSE
ARHGEF19,FALSE
EHMT1,FALSE
ATE1,FALSE
EPHA2,FALSE
PHF6,FALSE
PLEKHA1,FALSE
ZNF266,FALSE
ZNF284,FALSE
DPY19L1,FALSE
ARSI,FALSE
AL132709.5,FALSE
ARMCX6,FALSE
DDX50,FALSE
COBLL1,FALSE
ZNF26,FALSE
COL4A1,FALSE
TRAM1,FALSE
TSPAN17,FALSE
MICALL2,FALSE
CEP78,FALSE
NOP16,FALSE
FUS,FALSE
ZNF749,FALSE
YIPF6,FALSE
ORC5,FALSE
CCAR1,FALSE
NBPF3,FALSE
HSPG2,FALSE
TRIP12,FALSE
BTBD6,FALSE
NTRK2,FALSE
FAM122B,FALSE
TRIAP1,FALSE
NINJ1,FALSE
RALGAPB,FALSE
RAB3GAP2,FALSE
TOM1L2,FALSE
MYD88,FALSE
AUH,FALSE
GADD45G,FALSE
CDK5,FALSE
INTS1,FALSE
MRPS31,FALSE
SLC4A2,FALSE
SLC22A13,TRUE
OXSR1,FALSE
ERCC1,FALSE
SUPT20H,FALSE
TRAM2,FALSE
LRRC37B,FALSE
VWA8,FALSE
DCTN2,FALSE
SLC25A15,FALSE
ZNF621,FALSE
FLT1,FALSE
KPNA3,FALSE
COPB2,FALSE
DPYSL4,FALSE
TXNRD1,FALSE
KIN,FALSE
FAM167A,FALSE
INTS6,TRUE
DGKH,FALSE
KATNAL1,FALSE
RMDN1,FALSE
TMEM259,FALSE
RP1-241P17.4,FALSE
USP9X,FALSE
PSKH1,FALSE
BMPR1A,FALSE
CCSER2,FALSE
MICU1,FALSE
C9orf173,TRUE
PRICKLE3,FALSE
PEAK1,FALSE
UNC5B,FALSE
C10orf54,FALSE
PIGK,FALSE
ZNF462,FALSE
GBA2,FALSE
UGCG,FALSE
UEVLD,FALSE
INIP,FALSE
SNX30,FALSE
ACTL7B,TRUE
WNT16,FALSE
PCNA,FALSE
POFUT2,FALSE
RSL1D1,FALSE
LZTS2,FALSE
SFXN3,FALSE
C10orf2,FALSE
BTBD3,FALSE
CDK11B,FALSE
CCNT2,FALSE
NPM3,FALSE
NXT1,FALSE
POLR3F,FALSE
HIATL1,FALSE
KAZALD1,FALSE
MFSD1,FALSE
PCDHGA1,FALSE
CAMSAP1,FALSE
ZNF141,FALSE
ZSWIM6,FALSE
ZNF302,FALSE
UBALD2,FALSE
ARHGEF7,FALSE
FXYD5,FALSE
TMEM50B,FALSE
APP,FALSE
DOPEY2,FALSE
TNRC6A,FALSE
IFNAR1,FALSE
COL6A2,FALSE
CCDC137,FALSE
SIK1,FALSE
NEGR1,FALSE
FGF9,TRUE
PPAT,FALSE
PARP4,FALSE
RP11-274B21.10,TRUE
RASL11B,TRUE
RRAGB,FALSE
LINC00839,FALSE
AC027228.1,TRUE
URB1,FALSE
ALAD,FALSE
LINC00694,TRUE
TNKS2,FALSE
ARHGAP21,FALSE
CPEB3,FALSE
GBF1,FALSE
APH1B,FALSE
VWA9,FALSE
FBXL15,TRUE
SUFU,FALSE
UBL7,FALSE
AP5M1,FALSE
ANKRD26,FALSE
ACBD5,FALSE
CSRP2,FALSE
PRKACB,FALSE
CYR61,FALSE
DDIT3,FALSE
KCNK2,FALSE
SERBP1,FALSE
PTPRK,FALSE
BZW1,FALSE
QSER1,FALSE
SURF2,TRUE
SURF1,FALSE
OSTM1,FALSE
CTNNBL1,FALSE
MYCBP2,FALSE
FBXL3,FALSE
SH3PXD2A,FALSE
PITRM1,FALSE
AARS,FALSE
WDR83,FALSE
BCCIP,FALSE
C19orf43,FALSE
PKN1,FALSE
CD97,FALSE
SURF4,FALSE
PSMD5,FALSE
EDRF1,FALSE
GTPBP4,FALSE
MPP4,TRUE
GIPC1,FALSE
LARP4B,FALSE
AIFM1,FALSE
UTRN,FALSE
AC147651.1,TRUE
AC096772.6,FALSE
B3GALTL,FALSE
AAED1,FALSE
CDC123,FALSE
UPF2,FALSE
CDIP1,FALSE
MAP3K4,FALSE
NDUFA10,FALSE
FAM133B,FALSE
ZMAT3,FALSE
ATP5L,FALSE
PTPDC1,FALSE
DNAJC3,FALSE
STK24,FALSE
ZNF76,FALSE
TBC1D8B,FALSE
RNPS1,FALSE
MORC4,FALSE
CNNM4,FALSE
COL6A1,FALSE
GNG12,FALSE
CDADC1,TRUE
RPAP3,FALSE
HUNK,FALSE
KLF5,FALSE
LTBP1,FALSE
TINAGL1,FALSE
FNDC3A,FALSE
UHRF1BP1,FALSE
PTPRF,FALSE
REXO4,FALSE
KIF2C,FALSE
UTP14A,FALSE
GTF3C5,FALSE
RPL7A,FALSE
RSPRY1,FALSE
NAE1,FALSE
MAP3K8,FALSE
RPS8,FALSE
STRN3,FALSE
CIZ1,FALSE
SLC25A25,FALSE
CEP250,FALSE
MAD1L1,FALSE
UGGT2,FALSE
ZBTB41,FALSE
PPP1R2,FALSE
ADAMTS4,FALSE
B4GALT3,FALSE
MPHOSPH6,FALSE
TET2,FALSE
KLHL36,FALSE
ZC3H7A,FALSE
COX6B1,FALSE
HCST,FALSE
UBA2,FALSE
ZNF219,FALSE
RBM42,FALSE
PPP1R36,TRUE
TFRC,FALSE
SALL2,FALSE
RBBP6,FALSE
NUCKS1,FALSE
HSD17B12,FALSE
AP1M1,FALSE
RP11-160E2.19,TRUE
APIP,FALSE
RFC1,FALSE
TRAPPC4,FALSE
CTD-2036P10.3,TRUE
ZNF215,FALSE
LRFN3,FALSE
CAPNS1,FALSE
TDRD3,FALSE
H3F3A,FALSE
TRIM8,FALSE
DIS3,FALSE
SH3PXD2B,FALSE
PIBF1,FALSE
EIF3M,FALSE
TENM2,FALSE
S1PR5,FALSE
CTD-2105E13.13,TRUE
RMND5B,FALSE
ZNF300,FALSE
G3BP1,FALSE
TNIP1,FALSE
KIAA0513,FALSE
DYNC1LI2,FALSE
FHOD1,FALSE
ZFYVE1,FALSE
ZNF850,FALSE
TNFRSF19,FALSE
RNF6,FALSE
OSTF1,FALSE
SLC9A5,FALSE
DEDD,FALSE
PRDM14,TRUE
MPHOSPH10,FALSE
TACC1,FALSE
MCEE,FALSE
CTD-2008P7.8,TRUE
PPAPDC1B,FALSE
GINS4,FALSE
ELOVL6,FALSE
CTPS2,FALSE
WHSC1L1,FALSE
PWWP2A,FALSE
SIX5,FALSE
RP11-373D23.3,TRUE
STAMBP,FALSE
NUDT9,FALSE
FBXO46,FALSE
TFAP2C,FALSE
BCOR,FALSE
CACHD1,FALSE
STX18,FALSE
DNAJC8,FALSE
ELMOD2,FALSE
ZNF205,FALSE
FAM210A,FALSE
TMEM167A,FALSE
AGPAT4,FALSE
RP5-935K16.1,FALSE
C11orf49,FALSE
L3MBTL3,FALSE
SLC33A1,FALSE
ARFGAP2,FALSE
CELF1,FALSE
C11orf73,FALSE
ARL13B,FALSE
PDS5B,FALSE
SSRP1,FALSE
TTC30A,FALSE
MARK3,FALSE
SLC43A1,FALSE
GDI1,FALSE
MAGEH1,FALSE
MCTS1,FALSE
RIOK2,FALSE
ZFAND1,FALSE
CSPP1,FALSE
PDGFRL,FALSE
IFI6,FALSE
AHDC1,FALSE
ENDOD1,FALSE
BRF2,FALSE
RP11-838N2.5,TRUE
TBC1D29,TRUE
PDIA4,FALSE
ERLIN2,FALSE
PROSC,FALSE
LETM1,FALSE
GNAS,FALSE
INTS9,FALSE
RP11-690G19.3,FALSE
CHMP7,FALSE
NFXL1,FALSE
DOCK5,FALSE
SLC25A37,FALSE
HMBOX1,FALSE
MEG3,FALSE
BIN3,FALSE
GNRH1,FALSE
ARHGAP23,FALSE
CCDC25,FALSE
ATP6V1B2,FALSE
HSD17B4,FALSE
MRPL23,FALSE
RP11-245J9.5,FALSE
BBS4,FALSE
PML,FALSE
PPP1R15B,FALSE
CUL4B,FALSE
ZCCHC3,FALSE
ULK3,FALSE
LINS,FALSE
GAA,FALSE
MEX3A,FALSE
PAF1,FALSE
SCAMP2,FALSE
MTM1,FALSE
CAPN5,FALSE
INTS4,FALSE
TENM4,FALSE
RPS3,FALSE
AC007952.6,FALSE
PAK1,FALSE
CCDC82,FALSE
TRAPPC11,FALSE
DPP4,FALSE
SMARCAD1,FALSE
NPTX1,TRUE
PDLIM5,FALSE
SNX2,FALSE
CD99,FALSE
TSPAN4,FALSE
ZC3H12C,FALSE
NPAT,FALSE
SIMC1,FALSE
FAM127B,FALSE
ZBTB44,FALSE
SPATA18,FALSE
NLGN1,FALSE
SGCB,FALSE
VASH1,FALSE
SUGT1,FALSE
ATM,FALSE
MICU2,FALSE
SKA3,FALSE
ZNF710,FALSE
CCDC50,FALSE
ZNF7,FALSE
CRTC3,FALSE
IQGAP1,FALSE
RP11-41O4.1,TRUE
HAPLN3,FALSE
NUP205,FALSE
GNB1L,FALSE
FANCI,FALSE
POLG,FALSE
LARS,FALSE
RPS17,FALSE
RP11-464C19.2,TRUE
ZBTB5,FALSE
PLEKHM1,FALSE
MOAP1,FALSE
ELK4,FALSE
DUSP23,FALSE
CPSF2,FALSE
TTC7B,FALSE
EFTUD1,FALSE
P4HA3,FALSE
POLE,FALSE
ZFY,FALSE
RPL37A,FALSE
SEC11A,FALSE
PACRGL,TRUE
GTF2I,FALSE
HYOU1,FALSE
TSSC1,FALSE
RP11-187C18.2,TRUE
PDE6D,FALSE
TERF1,FALSE
RPL7,FALSE
ANO6,FALSE
OBSL1,FALSE
KBTBD6,FALSE
UTP23,FALSE
EIF3H,FALSE
HNRNPH3,FALSE
DPYS,FALSE
MTDH,FALSE
EBAG9,FALSE
GPRASP2,FALSE
SIRT1,FALSE
TATDN1,FALSE
NDUFB9,FALSE
SRGAP2,FALSE
MBNL1,FALSE
SEL1L,FALSE
TANC2,FALSE
RNPEP,FALSE
GSDMD,FALSE
UBR5,FALSE
BRPF1,FALSE
CCT3,FALSE
EEF1D,FALSE
HELQ,FALSE
MRPS18C,FALSE
EML3,FALSE
SHPK,FALSE
EIF4A2,FALSE
RCN2,FALSE
USP38,FALSE
MTA2,FALSE
LZTS1,FALSE
RNF150,FALSE
NDRG3,FALSE
CTC-503J8.6,FALSE
THOC6,FALSE
TRAF7,FALSE
C6orf89,FALSE
MMADHC,FALSE
MFAP1,FALSE
ABHD5,TRUE
UBE4B,FALSE
AC005789.11,FALSE
LYSMD2,FALSE
ZSCAN29,FALSE
TCF12,FALSE
WWC2,FALSE
SLC25A4,FALSE
CENPU,FALSE
ACSL1,FALSE
FGF7,FALSE
OSBPL7,FALSE
STK4,FALSE
PABPC1L,FALSE
SNORA76,FALSE
GTF2A1,FALSE
ADNP,FALSE
PFDN4,FALSE
RAE1,FALSE
EMC6,FALSE
NELFCD,FALSE
DNAJC5,FALSE
BAHD1,FALSE
CTD-2227C6.2,TRUE
SLMO2,FALSE
PRPF6,FALSE
ZNF783,FALSE
ZNF425,FALSE
TLE3,FALSE
VPS8,FALSE
CTD-2349P21.9,TRUE
CLCN5,FALSE
OAF,FALSE
GNPDA2,FALSE
RP11-365H22.2,TRUE
KIRREL3,FALSE
ANTXR2,FALSE
PAQR3,FALSE
TMEM208,FALSE
LMOD1,FALSE
SQLE,FALSE
CPSF7,FALSE
AACS,FALSE
WWC3,FALSE
TSSC4,FALSE
TMEM183A,FALSE
B3GAT3,FALSE
CCDC15,FALSE
DCAF16,FALSE
PPM1D,FALSE
HIPK1,FALSE
IGFBP7,FALSE
USP32,FALSE
MICU3,FALSE
PMVK,FALSE
VPS37A,FALSE
PBXIP1,FALSE
MTMR9,FALSE
PALLD,FALSE
INTS10,FALSE
ZBTB8OS,FALSE
ERI1,FALSE
LENEP,TRUE
CENPQ,FALSE
YY1AP1,FALSE
MLH1,FALSE
DENR,FALSE
SLC22A15,FALSE
TMEM192,FALSE
HIST1H4E,FALSE
ETFA,FALSE
SEZ6L2,FALSE
ASPHD1,FALSE
SETD1B,FALSE
UBE2Q2,FALSE
ATG4B,FALSE
ING5,FALSE
DTYMK,FALSE
KCTD13,FALSE
ANP32A,FALSE
ARFGAP1,FALSE
SLC17A9,FALSE
MRGBP,FALSE
PSMA7,FALSE
MTG2,FALSE
TCFL5,FALSE
DIDO1,FALSE
ARHGEF12,FALSE
Sep-02,FALSE
WDR61,FALSE
SCAPER,FALSE
HMG20A,FALSE
CTD-2086O20.3,FALSE
ARFRP1,FALSE
DNAJA4,FALSE
RP11-129K12.4,TRUE
RNF24,FALSE
CDS2,FALSE
IGF1R,FALSE
USP3,FALSE
MAGED4B,FALSE
PIF1,FALSE
CSNK2A1,FALSE
ECHS1,FALSE
ZNF571,TRUE
FGFR3,FALSE
FBXO33,FALSE
RGAG4,FALSE
STK17B,FALSE
PPP2CB,FALSE
AGO1,FALSE
PPA1,FALSE
TEKT2,FALSE
CLSPN,FALSE
GSR,FALSE
EEF1A2,FALSE
GMEB2,FALSE
MAML2,FALSE
RP11-498C9.15,FALSE
RP11-173M1.4,TRUE
ZNF717,FALSE
TCEB3CL2,FALSE
STXBP3,FALSE
QSOX1,FALSE
PHF13,FALSE
DUSP8,FALSE
IRF3,FALSE
MTHFD2,FALSE
BCL2L12,FALSE
AL645728.1,FALSE
RRAS,FALSE
RPL22,FALSE
PRRG2,FALSE
B3GALNT1,FALSE
NMD3,FALSE
SCAF1,FALSE
PRR12,FALSE
SFT2D1,FALSE
BRWD1,FALSE
PARK7,FALSE
ERRFI1,FALSE
THBD,FALSE
SYDE2,FALSE
AC069278.4,FALSE
C18orf25,FALSE
DACT1,FALSE
DCLK2,FALSE
ATXN2L,FALSE
CDC7,FALSE
IRX2,FALSE
SH3GLB1,FALSE
SESN2,FALSE
LRRC47,FALSE
MED18,FALSE
JAG1,FALSE
RAB2A,FALSE
CDK5RAP1,FALSE
RP11-367N14.3,TRUE
STK3,FALSE
MCPH1,FALSE
DNAJC18,FALSE
RP11-571L19.8,FALSE
TPRG1L,FALSE
CRNKL1,FALSE
POFUT1,FALSE
SAMHD1,FALSE
KIF3B,FALSE
MFHAS1,FALSE
KM-PA-2,FALSE
TRPT1,FALSE
PPME1,FALSE
SVIL,FALSE
NOP56,FALSE
PSTPIP2,FALSE
MANBAL,FALSE
IDH3B,FALSE
EPG5,FALSE
ORAOV1,FALSE
SETBP1,FALSE
MYLK2,TRUE
PLCB3,FALSE
SEC23B,FALSE
CPQ,FALSE
DECR1,FALSE
NBN,FALSE
WASF2,FALSE
TGFB2,FALSE
CTD-2666L21.1,TRUE
TM9SF4,FALSE
PLCB4,FALSE
GPATCH2,FALSE
LAPTM4B,FALSE
MPC1,FALSE
SFRP1,FALSE
IMPAD1,FALSE
EYA3,FALSE
TUBG2,FALSE
MRPL37,FALSE
IKBKB,FALSE
NIPAL2,FALSE
MRPL49,FALSE
PLAT,FALSE
LRRC42,FALSE
POP1,FALSE
PSMD12,FALSE
PGAP1,FALSE
DLL1,FALSE
PELI1,FALSE
ITGA1,FALSE
ECI2,FALSE
DHCR24,FALSE
PGAM1,FALSE
EXOSC1,FALSE
LYSMD1,FALSE
ZZZ3,FALSE
APBB2,FALSE
CACYBP,FALSE
SCP2,FALSE
EIF3E,FALSE
RPL9,FALSE
SMIM14,FALSE
RPRD2,FALSE
OR4F21,TRUE
CEP104,FALSE
FAM20B,FALSE
HSPA4,FALSE
RALGPS2,FALSE
OTUD7B,FALSE
ILF3-AS1,FALSE
SGCD,FALSE
RB1CC1,FALSE
SLC12A2,TRUE
NIPA2,FALSE
METTL16,FALSE
SNX24,FALSE
DPP7,FALSE
RRP12,FALSE
RPL10A,FALSE
MROH6,FALSE
S100A11,FALSE
WDFY3,FALSE
COX18,FALSE
PTPN13,FALSE
CEP85,FALSE
C16orf72,FALSE
ANKRD32,FALSE
RP11-571I18.4,TRUE
SNX16,FALSE
TTC8,FALSE
PHB2,FALSE
NEMF,FALSE
COL13A1,FALSE
PIGU,FALSE
MAP1LC3A,FALSE
KDM5D,FALSE
APMAP,FALSE
LRR1,FALSE
ARMC1,FALSE
TRPS1,FALSE
FAM83D,FALSE
ACTR5,FALSE
DHX35,FALSE
DNTTIP1,FALSE
ZC2HC1A,FALSE
CRIPAK,FALSE
CST3,FALSE
POLA2,FALSE
EMC2,FALSE
MED10,FALSE
NDRG1,FALSE
CHRAC1,FALSE
RPRD1B,FALSE
ZSWIM8,FALSE
MAPK8IP3,FALSE
RNF207,FALSE
C1D,FALSE
HINFP,FALSE
NEK7,FALSE
RNMTL1,FALSE
ATP5F1,FALSE
HDAC1,FALSE
RAP1A,FALSE
EWSR1,FALSE
EDEM3,FALSE
TSN,FALSE
FARS2,FALSE
CDKAL1,FALSE
HLA-A,FALSE
NUDCD3,FALSE
NARS2,FALSE
CAPN1,FALSE
C5orf28,FALSE
METTL12,FALSE
FBXO4,FALSE
TUBG1,FALSE
PSME3,FALSE
PSMC3IP,FALSE
AOC3,TRUE
RP11-79P5.9,FALSE
VPS25,FALSE
ACLY,FALSE
RNF20,FALSE
AOC2,FALSE
CXCL1,FALSE
RCHY1,FALSE
ORC1,FALSE
AC093323.1,FALSE
THAP11,FALSE
GJC1,FALSE
CDV3,FALSE
FAM222A,TRUE
TCHP,FALSE
GIT2,FALSE
GSTA4,FALSE
AC008746.12,FALSE
AC020956.3,TRUE
S100PBP,FALSE
CAPZA1,FALSE
NUMA1,FALSE
IL18BP,FALSE
ANKRD42,TRUE
C2CD2L,FALSE
WBSCR16,FALSE
YAP1,FALSE
TDG,FALSE
RPS26,FALSE
AC144450.2,FALSE
CD2AP,FALSE
AMPD2,FALSE
NR1H3,FALSE
TMTC3,FALSE
BUD13,FALSE
ACOT1,FALSE
BTG3,FALSE
SNRPF,FALSE
NEDD1,FALSE
UBXN11,FALSE
GAS2L3,FALSE
C19orf60,FALSE
HMGB1,FALSE
MLKL,FALSE
CCDC109B,FALSE
NPTN,FALSE
RFWD3,FALSE
RP11-352E8.2,TRUE
ZMYM4,FALSE
TJP2,FALSE
CLNS1A,FALSE
PAFAH2,FALSE
COG7,FALSE
IKBKG,FALSE
RP11-2H3.6,TRUE
CNNM3,FALSE
IKZF4,FALSE
TUBA1B,FALSE
RP11-384K6.6,FALSE
NSF,FALSE
CTD-2081C10.7,TRUE
EPS15,FALSE
PEX1,FALSE
MTERF,FALSE
D2HGDH,FALSE
JMJD1C,FALSE
STYXL1,FALSE
GNAI1,FALSE
HIP1,FALSE
PTPN12,FALSE
MMP19,FALSE
POR,FALSE
SPATS2,FALSE
NR4A1,FALSE
USP30,FALSE
TAOK3,FALSE
GNG11,FALSE
NEDD4L,FALSE
FMN2,FALSE
POLH,FALSE
AKAP9,FALSE
MFSD12,FALSE
LRP1,FALSE
SCLT1,FALSE
MAFF,FALSE
C12orf44,FALSE
TMEM120B,FALSE
FAM71D,TRUE
DUSP6,FALSE
PSMD1,FALSE
KCNC4,FALSE
ZFYVE20,FALSE
RFTN1,FALSE
HACL1,FALSE
SH3BP5,FALSE
HES4,FALSE
DOCK7,FALSE
CBWD6,FALSE
LPCAT4,FALSE
SWT1,FALSE
IVNS1ABP,FALSE
GABPA,FALSE
GPR89B,FALSE
TMUB2,FALSE
FBXO21,FALSE
MFN2,FALSE
ATP5J,FALSE
NFIC,FALSE
TBX3,FALSE
MIIP,FALSE
ADAMTS1,FALSE
SMG7,FALSE
MRPL39,FALSE
EREG,FALSE
RAB42,TRUE
C9orf85,FALSE
DENND5A,FALSE
CTD-2231H16.1,FALSE
TRAFD1,FALSE
CASD1,FALSE
NUDT16L1,FALSE
RDX,FALSE
FDX1,FALSE
PPP2R1B,FALSE
ARHGAP20,FALSE
E2F2,FALSE
CTD-2587M2.1,FALSE
MEF2D,FALSE
HEXIM2,TRUE
HIST1H3A,FALSE
ALKBH8,FALSE
HIST1H2AL,FALSE
CEP72,FALSE
FIBP,FALSE
CCDC34,FALSE
NUDT12,FALSE
HECTD4,FALSE
ERBB2IP,FALSE
UVSSA,FALSE
FGFR1,FALSE
SLBP,FALSE
LRPAP1,FALSE
AL592494.5,TRUE
PTEN,FALSE
S100P,FALSE
LMBR1L,FALSE
CSAD,FALSE
NABP1,FALSE
CERS5,FALSE
KANSL2,FALSE
GALNT6,FALSE
QDPR,FALSE
RABEP1,FALSE
AGRN,FALSE
MAN2A1,FALSE
HTATIP2,FALSE
ANKRD52,FALSE
TMBIM6,FALSE
CAPZB,FALSE
ATPAF2,FALSE
RP11-91G21.1,FALSE
SCAMP3,FALSE
ASH1L,FALSE
GS1-124K5.3,TRUE
ATF5,FALSE
GBX2,TRUE
LAMTOR2,FALSE
ARHGEF2,FALSE
GON4L,FALSE
GPR137B,FALSE
ZNF491,FALSE
RTN3,FALSE
AFF4,FALSE
RHOU,FALSE
C17orf89,FALSE
COL3A1,FALSE
RAB14,FALSE
CNTRL,FALSE
GLE1,FALSE
SEMA5A,FALSE
LINC00444,TRUE
TEAD4,FALSE
ARL6IP6,FALSE
TVP23B,FALSE
PWWP2B,FALSE
AC117395.1,FALSE
TMEM98,FALSE
STAT3,FALSE
SNORD3A,FALSE
RNF19B,FALSE
NDE1,FALSE
AP2B1,FALSE
HMGCS1,FALSE
EPC2,FALSE
ADIPOQ,TRUE
HIST1H4I,FALSE
PSIP1,FALSE
MRPS9,FALSE
MRPS30,FALSE
C2orf49,FALSE
EDNRA,FALSE
ZNF827,FALSE
HIST1H4F,FALSE
BRD8,FALSE
TGFBRAP1,FALSE
KIF20A,FALSE
GCC2,FALSE
NME5,TRUE
SLC24A3,FALSE
ZKSCAN8,FALSE
MICAL3,FALSE
RPP25L,FALSE
SNAPC3,FALSE
SET,FALSE
FAM219A,FALSE
NUDT2,FALSE
CTNNAL1,FALSE
FKBP15,FALSE
VASN,FALSE
RAD23B,FALSE
AC006273.5,FALSE
PTBP3,FALSE
ANKRD46,FALSE
TTLL4,FALSE
USP37,FALSE
ITM2C,FALSE
SERPINE2,FALSE
PAX3,FALSE
MRPL44,FALSE
DOCK10,FALSE
C11orf63,FALSE
HNRNPF,FALSE
ELP4,FALSE
MTCH2,FALSE
FNBP4,FALSE
SUOX,FALSE
RP11-304L19.12,TRUE
MFSD9,FALSE
TMEM127,FALSE
CSGALNACT2,FALSE
CACNA1A,FALSE
TMEM134,FALSE
SERPINB9,FALSE
EIF4E2,FALSE
CAB39,FALSE
HSPA8,FALSE
CYP27A1,FALSE
DNAJB2,FALSE
DHH,TRUE
UBOX5,FALSE
SAMD1,FALSE
LLGL1,FALSE
RAB20,FALSE
ELMSAN1,FALSE
CUL4A,FALSE
HNRNPA2B1,FALSE
CBX3,FALSE
HERPUD2,FALSE
ABHD13,FALSE
EEPD1,FALSE
Sep-07,FALSE
ADPRHL2,FALSE
IP6K2,FALSE
MAPKAP1,FALSE
CD58,FALSE
ZBTB17,FALSE
ZMIZ2,FALSE
TTF2,FALSE
BBS9,FALSE
UBE2L3,FALSE
OAS3,FALSE
GTF2H3,FALSE
ARHGDIB,FALSE
ANAPC2,FALSE
TAS2R5,TRUE
SLC38A1,FALSE
MRPS15,FALSE
SLC16A1,FALSE
EIF2B1,FALSE
DDX55,FALSE
TGFBR3,FALSE
MOV10,FALSE
EIF2B5,FALSE
ST7L,FALSE
WIPF2,FALSE
C14orf166,FALSE
RP11-33B1.4,TRUE
PQLC1,FALSE
JAK2,FALSE
VDR,FALSE
FTSJ1,FALSE
IRF2,FALSE
MIS18A,FALSE
PTPRM,FALSE
RBM18,FALSE
EXOC8,FALSE
GNPAT,FALSE
HSDL2,FALSE
CTTN,FALSE
FAM156B,FALSE
ATP6V1H,FALSE
CFL1,FALSE
FBXW2,FALSE
SYNJ1,FALSE
PAXBP1,FALSE
NDUFA8,FALSE
MTF1,FALSE
PRELP,FALSE
SRSF11,FALSE
BCAS2,FALSE
UCHL5,FALSE
CCZ1,FALSE
AMPD1,TRUE
TROVE2,FALSE
RGS2,FALSE
VPS35,FALSE
TWIST1,FALSE
PRDM2,FALSE
CASC7,FALSE
WLS,FALSE
FTSJ2,FALSE
GADD45A,FALSE
COL15A1,FALSE
SLC35D1,FALSE
KIAA0232,FALSE
NT5C3A,FALSE
ARL4A,FALSE
TMEM55A,FALSE
ATP6V1C1,FALSE
DNAJA2,FALSE
AZIN1,FALSE
AC093323.3,FALSE
UBE2B,FALSE
RP11-18H7.1,FALSE
STX2,FALSE
RFC5,FALSE
CDC26,FALSE
DDX3Y,FALSE
HTRA3,FALSE
CRYZ,FALSE
PHTF1,FALSE
BNIP3,FALSE
COMMD1,FALSE
RAPH1,FALSE
RP11-215G15.5,FALSE
LTN1,FALSE
ERCC4,FALSE
BAIAP2,TRUE
CTH,FALSE
COPZ1,FALSE
CTC-366B18.4,TRUE
DHCR7,FALSE
NR4A3,TRUE
ELAC2,FALSE
KRT19,FALSE
C10orf111,TRUE
COPS6,FALSE
SLC7A11,FALSE
RAB5B,FALSE
TIPIN,FALSE
MDM1,FALSE
CANT1,FALSE
GDI2,FALSE
CTC-365E16.1,FALSE
C16orf91,FALSE
CAND1,FALSE
SPIRE1,FALSE
VPS13D,FALSE
LINC00346,FALSE
RP5-998N21.4,TRUE
DPYD,FALSE
BCORL1,FALSE
NTF3,FALSE
RP3-510D11.2,TRUE
ALG2,FALSE
TEX29,FALSE
TRIM24,FALSE
KIAA1549,FALSE
RP11-231G3.1,TRUE
USP39,FALSE
ARL4D,FALSE
TSG101,FALSE
RNF181,FALSE
TMEM150A,FALSE
VAMP5,FALSE
CBR3,FALSE
PHLDA1,FALSE
ING1,FALSE
UBE2O,FALSE
FGF18,TRUE
RUNX1,FALSE
DDN,FALSE
RCAN1,FALSE
MRFAP1,FALSE
C7orf49,FALSE
CALD1,FALSE
SH3RF2,FALSE
SLC4A7,FALSE
RP11-651P23.5,TRUE
SCAF11,FALSE
SPTLC1,FALSE
RP11-389C8.3,TRUE
RP11-53O19.3,FALSE
VWA3A,TRUE
OTUD5,FALSE
USP33,FALSE
CNOT2,FALSE
BPTF,FALSE
GALK2,FALSE
RSF1,FALSE
NUP107,FALSE
GAPDH,FALSE
NOP2,FALSE
UHRF1BP1L,FALSE
CHD4,FALSE
ING4,FALSE
GAS2L1,FALSE
USP5,FALSE
CDCA3,FALSE
TPI1,FALSE
SP6,TRUE
GNPTAB,FALSE
C12orf57,FALSE
PTPN6,TRUE
CPSF6,FALSE
KRR1,FALSE
IGBP1,FALSE
MAT2A,FALSE
MRPL51,FALSE
STARD3,FALSE
TOP2A,FALSE
KRT34,FALSE
KAT5,FALSE
NEO1,FALSE
SEMA4F,FALSE
CCT7,FALSE
SMYD5,FALSE
EED,FALSE
ZNF100,FALSE
SERTAD1,FALSE
ZNF470,FALSE
SRSF10,FALSE
HIST1H3I,FALSE
ANKRD13D,FALSE
ZNF441,FALSE
COX10,FALSE
RNASEH2C,FALSE
AC147651.3,FALSE
ISOC1,FALSE
TBCE,FALSE
RRAGC,FALSE
CLSTN3,FALSE
ZCRB1,FALSE
TMEM117,FALSE
UBE2T,FALSE
GART,FALSE
SON,FALSE
C1orf109,FALSE
PEX5,FALSE
VAMP1,FALSE
SIPA1L2,FALSE
MTR,FALSE
HIST1H2AJ,FALSE
LGALS8,FALSE
NID1,FALSE
RP11-309L24.4,TRUE
ADPRHL1,TRUE
SMARCD1,FALSE
TM2D3,FALSE
L3MBTL1,TRUE
FGD4,FALSE
YARS2,FALSE
GRIPAP1,FALSE
AC004775.5,TRUE
ARRB1,FALSE
ETNK1,FALSE
NT5DC3,FALSE
PRKRIR,FALSE
NPC1L1,FALSE
AEBP2,FALSE
FAM60A,FALSE
LPCAT3,FALSE
RIC8B,FALSE
TFE3,FALSE
TCTA,FALSE
CHMP1A,FALSE
NUDT4,FALSE
MLLT10,FALSE
TMEM44,FALSE
FGFR1OP2,FALSE
LPP,FALSE
KIAA0226,FALSE
CCDC41,TRUE
SSNA1,FALSE
GSTP1,FALSE
MANF,FALSE
EIF4E,FALSE
DIP2B,FALSE
CMAS,FALSE
PRKAB1,FALSE
ZCCHC4,FALSE
HCFC2,FALSE
GSE1,FALSE
EMC8,FALSE
COX4I1,FALSE
RBPJ,FALSE
RAB35,FALSE
TCF4,FALSE
B3GALT4,TRUE
SUDS3,FALSE
GOLT1B,FALSE
PKM,FALSE
STOML1,FALSE
MBD2,FALSE
IFT74,FALSE
HMBS,FALSE
CTIF,FALSE
RAD54L,FALSE
SF3A3,FALSE
POLR3E,FALSE
GNAZ,FALSE
ATF4,FALSE
TTC38,FALSE
SGOL1,FALSE
MKL2,FALSE
KHNYN,FALSE
ZNF251,FALSE
FKBP3,FALSE
RUNX3,FALSE
ZNRD1,FALSE
CRISPLD2,FALSE
USP10,FALSE
TSC2,FALSE
RP11-122G18.5,FALSE
TSPYL4,FALSE
SMC1A,FALSE
EMC4,FALSE
FAM13B,FALSE
PDK2,FALSE
FLNB,FALSE
KLF13,FALSE
HMGCR,FALSE
RSRC2,FALSE
COL4A3BP,FALSE
NTN4,FALSE
SPARC,FALSE
RP11-318C24.2,TRUE
IK,FALSE
HCFC1R1,FALSE
NPRL3,FALSE
NUAK1,FALSE
CDK5R1,FALSE
IPPK,FALSE
TAF1C,FALSE
CHCHD7,FALSE
COTL1,FALSE
APC2,TRUE
NBPF14,FALSE
ZNF644,FALSE
CCDC18,FALSE
RPAP2,FALSE
KDM4B,FALSE
DDX3X,FALSE
CBWD2,FALSE
MAP6D1,FALSE
FAF2,FALSE
SMPD4,FALSE
KRT18,FALSE
LIN7A,FALSE
SMARCA4,FALSE
BOP1,FALSE
TENC1,FALSE
TEAD3,FALSE
HS6ST1,FALSE
SAP130,FALSE
TRMT13,FALSE
CCDC115,FALSE
WDR33,FALSE
RPL5,FALSE
ODF2L,FALSE
UPP1,FALSE
APOL2,FALSE
KANK2,FALSE
LIF,FALSE
UGGT1,FALSE
CGRRF1,FALSE
ZNRF1,FALSE
SPOCK1,FALSE
PIGH,FALSE
PSMA3,FALSE
FAM151B,TRUE
RP11-309L24.9,TRUE
PHC3,FALSE
ATP6V1D,FALSE
PYGL,FALSE
NIN,FALSE
TMEM242,FALSE
CDKN3,FALSE
DDHD1,FALSE
CNIH1,FALSE
GNPNAT1,FALSE
PSMC6,FALSE
HSPA9,FALSE
MTHFSD,FALSE
CLCN7,FALSE
GGNBP2,FALSE
TSEN54,FALSE
SLC7A5,FALSE
STUB1,FALSE
NOMO3,FALSE
ZFP69B,FALSE
SPC24,FALSE
GS1-259H13.2,TRUE
PEAR1,FALSE
MRPS27,FALSE
MYO1D,FALSE
GOLIM4,FALSE
RECQL,FALSE
RBM23,FALSE
PRMT5,FALSE
POC5,FALSE
POLE2,FALSE
NUBP1,FALSE
UBE2I,FALSE
ASPH,FALSE
SOS2,FALSE
GNB1,FALSE
ZNF675,FALSE
RAI14,FALSE
ZNF833P,TRUE
KBTBD2,FALSE
SIN3B,FALSE
ZFP69,FALSE
ABCC1,FALSE
PFDN1,FALSE
EMR2,TRUE
IGHMBP2,FALSE
ATP6V0A2,FALSE
HBEGF,FALSE
CLN8,FALSE
SLC35E1,FALSE
LOX,FALSE
EPS15L1,FALSE
KLF2,FALSE
CDC25A,FALSE
RP1-93H18.7,TRUE
ZNF589,FALSE
DACT3,FALSE
PLXNB1,FALSE
RNF123,FALSE
ZNF30,FALSE
RANBP9,FALSE
POC1A,FALSE
LGMN,FALSE
DUSP7,FALSE
ALKBH1,FALSE
PPM1M,FALSE
SH3RF3,FALSE
FBRS,FALSE
PRR14,FALSE
ZNF689,FALSE
NAA20,FALSE
INSM1,TRUE
PIGN,FALSE
TARS,FALSE
KIAA0247,FALSE
ERH,FALSE
CEP128,FALSE
SIX4,FALSE
LRP6,FALSE
DHRS7,FALSE
PPM1A,FALSE
CD82,FALSE
SCNN1A,TRUE
RP1-86C11.7,TRUE
NELFB,FALSE
EIF5,FALSE
CEP95,FALSE
NAA25,FALSE
SRSF5,FALSE
RIN3,FALSE
SPTLC2,FALSE
DAAM1,FALSE
MUC12,FALSE
SETD3,FALSE
DROSHA,FALSE
CDH6,FALSE
AC010982.1,TRUE
LMNB1,FALSE
ARRDC3,FALSE
PRR4,FALSE
TMED8,FALSE
GPN3,FALSE
VPS29,FALSE
Sep-15,FALSE
AHSA1,FALSE
UBFD1,FALSE
RAD51AP1,FALSE
FAM172A,FALSE
TCEB2,FALSE
XRCC4,FALSE
CREBL2,FALSE
DEPDC1B,FALSE
HOMER1,FALSE
CPPED1,FALSE
SUB1,FALSE
NPR3,FALSE
RABL2B,FALSE
JMY,FALSE
C5AR1,TRUE
CYB5D1,FALSE
AP000473.5,TRUE
HSPA13,FALSE
NOTCH3,FALSE
MMGT1,FALSE
NEAT1,FALSE
CAPN15,FALSE
LCLAT1,FALSE
FARP2,FALSE
RP11-540A21.2,TRUE
PIEZO1,FALSE
HAS2,FALSE
MIR4435-1HG,FALSE
GSPT1,FALSE
ZNF600,FALSE
PIN1,FALSE
MAMLD1,FALSE
USP25,FALSE
PARPBP,FALSE
MB21D2,FALSE
ZNF527,FALSE
HERC2,FALSE
XXbac-BPGBPG55C20.2,TRUE
TRPC1,FALSE
NCEH1,FALSE
LDB3,FALSE
LNP1,FALSE
FKBP4,FALSE
OSBPL11,FALSE
ZC3H14,FALSE
ANKRD28,FALSE
FAM35A,FALSE
MTHFD1,FALSE
GSKIP,FALSE
PCNX,FALSE
CSTF3,FALSE
PAPLN,TRUE
PSMC1,FALSE
CNOT6,FALSE
HSD17B6,FALSE
TCP11L1,FALSE
CCNG1,FALSE
RABIF,FALSE
TTC1,FALSE
SMEK1,FALSE
ARC,FALSE
DICER1,FALSE
QTRT1,FALSE
CLK4,FALSE
CRIM1,FALSE
METAP2,FALSE
XYLT1,FALSE
METRNL,FALSE
THG1L,FALSE
CLINT1,FALSE
RBL2,FALSE
SALL1,FALSE
LRRC37A3,FALSE
ZNF507,FALSE
DNAJA3,FALSE
RP11-1C8.6,TRUE
BFAR,FALSE
ARMC10,FALSE
FMOD,FALSE
GZMM,TRUE
TRIM36,TRUE
SLC6A12,TRUE
SP1,FALSE
PTPLB,FALSE
BRCA1,FALSE
TANK,FALSE
RNF139,FALSE
WDR46,FALSE
MARCH7,FALSE
MYL12B,FALSE
SAMD11,FALSE
NPIPB5,FALSE
AGPS,FALSE
TTBK2,FALSE
C15orf57,FALSE
ARFIP2,FALSE
ZBTB26,FALSE
ATAD5,FALSE
OS9,FALSE
ACVR1B,FALSE
CCDC66,FALSE
LYRM7,FALSE
KLHDC8B,FALSE
TCEB3B,TRUE
VSIG10,FALSE
TAGLN3,TRUE
EIF2AK4,FALSE
RP5-1024G6.8,FALSE
MYO5C,TRUE
MYH15,TRUE
COL8A1,FALSE
GS1-166A23.2,TRUE
IQGAP3,FALSE
KIRREL,FALSE
SRPRB,FALSE
NOMO1,FALSE
WSB2,FALSE
NPIPB6,FALSE
CDIPT,FALSE
RP11-1105G2.3,TRUE
RABL3,FALSE
ATG3,FALSE
CCP110,FALSE
BOC,FALSE
HIST2H4A,FALSE
NADK2,FALSE
EXOC7,FALSE
TRA2B,FALSE
NDUFB5,FALSE
RNF40,FALSE
MRPL47,FALSE
ACTL6A,FALSE
CNTLN,FALSE
KIFC2,FALSE
EIF2A,FALSE
AGTR1,TRUE
KPNA2,FALSE
ERCC6L2,FALSE
ZNF615,FALSE
ITGA7,FALSE
GDF11,FALSE
PRPH,FALSE
RP11-79H23.3,TRUE
ESPL1,FALSE
COQ10A,FALSE
RP11-1C8.5,TRUE
TFCP2,FALSE
TROAP,FALSE
TSPAN31,FALSE
HMMR,FALSE
CHMP2B,FALSE
SLC25A24,FALSE
MED13L,FALSE
ARPP19,FALSE
RP11-79O8.1,TRUE
SSPN,FALSE
RASSF8,FALSE
PTAR1,FALSE
KCNN2,FALSE
LIMK2,FALSE
RAF1,FALSE
DHX30,FALSE
OVGP1,FALSE
PPARG,FALSE
CHMP6,FALSE
FAM63B,FALSE
IVD,FALSE
CCDC57,FALSE
INO80,FALSE
SLC9A8,FALSE
DLL4,FALSE
NARG2,FALSE
AQR,FALSE
CHAC1,FALSE
MAFA,TRUE
TSC22D2,FALSE
XXbac-BPGBPG55C20.1,TRUE
MXRA7,FALSE
PIK3R4,FALSE
RPL32,FALSE
DST,FALSE
PTPRG,FALSE
LIN9,FALSE
RAB21,FALSE
ZNF567,FALSE
DNAJC10,FALSE
ACER3,FALSE
SHQ1,FALSE
RAP1B,FALSE
DDX11,FALSE
SLC25A26,TRUE
UBA3,FALSE
ARL6IP5,FALSE
TMF1,FALSE
ANKRD45,TRUE
SAR1B,FALSE
SKIL,FALSE
PTRHD1,FALSE
HSPA5,FALSE
SP3,FALSE
SBSN,FALSE
MTIF2,FALSE
SERAC1,FALSE
ABHD3,FALSE
RFK,FALSE
PTGS2,FALSE
UBQLN1,FALSE
DHX34,FALSE
RP11-16E18.3,TRUE
SKIV2L2,FALSE
NBPF1,FALSE
FAM120A,FALSE
PICALM,FALSE
CRY1,FALSE
ZNF461,FALSE
DNAJC7,FALSE
NKIRAS2,FALSE
SKA2,FALSE
FBXW11,FALSE
CTD-2235C13.3,TRUE
TTC39B,FALSE
FAM167B,FALSE
FAM53A,TRUE
DCLRE1C,FALSE
CHIC1,FALSE
RPP38,FALSE
NMT2,FALSE
RPS23,FALSE
POLR3B,FALSE
CCDC91,FALSE
PIGG,FALSE
GOLGA4,FALSE
SLC22A14,TRUE
CTDSPL,FALSE
KLHL17,FALSE
MYLIP,FALSE
RBMS3,FALSE
GLIPR2,FALSE
SMU1,FALSE
SLC25A51,FALSE
MBOAT2,FALSE
SLC25A38,FALSE
DYNC1I2,FALSE
TMEM50A,FALSE
DYNC1LI1,FALSE
CTD-2201E18.5,FALSE
ZNF181,FALSE
ZNF790,FALSE
GNS,FALSE
SYAP1,FALSE
RP11-867G23.3,TRUE
USP15,FALSE
CKS1B,FALSE
C9orf16,FALSE
ZNF33A,FALSE
ATF1,FALSE
POLR2B,FALSE
STK10,FALSE
MAP4K5,FALSE
MAK16,FALSE
VPS54,FALSE
MYO1E,FALSE
RPS27A,FALSE
ACO1,FALSE
ASXL2,FALSE
SNRPG,FALSE
UTP11L,FALSE
CNTFR,TRUE
CMTM6,FALSE
FAM46C,FALSE
TTC27,FALSE
ANKLE2,FALSE
EML4,FALSE
RECK,FALSE
CLTA,FALSE
CRLF3,FALSE
HIST2H2AA3,FALSE
RP11-343L5.2,FALSE
ENTPD6,FALSE
FANCD2,FALSE
USP40,FALSE
ZFYVE16,FALSE
RNF111,FALSE
NHLRC1,FALSE
OSR1,FALSE
PDIA6,FALSE
RP11-347C12.1,FALSE
ATP11A,FALSE
RHOB,FALSE
RAD17,FALSE
HNRNPLL,FALSE
ZNF234,FALSE
RSBN1,FALSE
ZNF121,FALSE
DDX51,FALSE
ZNF71,FALSE
MAGI3,FALSE
ZBTB21,FALSE
RAB5A,FALSE
DDX20,FALSE
HCLS1,TRUE
EAF1,FALSE
FOCAD,FALSE
FBLIM1,FALSE
RBM10,FALSE
HGD,TRUE
LZIC,FALSE
STC1,FALSE
JAK1,FALSE
HLTF,FALSE
ACKR4,FALSE
AC135178.1,TRUE
KLHL21,FALSE
GMEB1,FALSE
BBIP1,FALSE
USP24,FALSE
HFE,FALSE
PARP14,FALSE
TMEM132A,FALSE
MBD4,FALSE
ARNT2,FALSE
HIST2H3C,FALSE
HIST2H2AA4,FALSE
HIST2H2BF,FALSE
ADAMTSL4-AS1,TRUE
EXOG,FALSE
ASB13,FALSE
NBPF20,FALSE
STMN3,FALSE
MLLT3,FALSE
GRSF1,FALSE
UTP3,FALSE
ANKRD17,FALSE
TTC37,FALSE
CLK1,FALSE
HIVEP3,FALSE
TMEM128,FALSE
TBC1D14,FALSE
YWHAG,FALSE
EPB41L4A-AS1,FALSE
CD47,FALSE
GAK,FALSE
C6orf57,FALSE
CWF19L2,FALSE
MST4,FALSE
MXRA8,FALSE
DDX42,FALSE
ADAMTSL5,FALSE
SMC4,FALSE
TUBB4B,FALSE
RBBP4,FALSE
RPL23A,FALSE
KIAA1522,FALSE
ALPL,FALSE
FYN,FALSE
HIVEP2,FALSE
HELZ,FALSE
TMCO4,FALSE
CAMK2N1,FALSE
NISCH,FALSE
HIST1H4H,FALSE
ZYG11A,FALSE
NEK1,FALSE
PEF1,FALSE
SDC3,FALSE
TIMMDC1,FALSE
CPSF3L,FALSE
COL8A2,FALSE
LINC00938,FALSE
METTL18,FALSE
EXOSC10,FALSE
CRBN,FALSE
DDHD2,FALSE
RHOT1,FALSE
ANXA4,FALSE
PANK1,FALSE
VPS52,FALSE
SLC39A10,FALSE
IFIT5,FALSE
NHLH1,TRUE
CPNE3,FALSE
VCPIP1,FALSE
FECH,FALSE
MAEA,FALSE
MALAT1,FALSE
ANO8,FALSE
C19orf10,FALSE
ANLN,FALSE
WWP2,FALSE
EEA1,FALSE
ZNF829,FALSE
PCGF5,FALSE
FITM2,FALSE
MAP2K2,FALSE
SLC10A7,FALSE
KPNA6,FALSE
KIAA1456,FALSE
VIM,FALSE
HHEX,FALSE
DENND2C,TRUE
UQCC1,FALSE
UPF3A,FALSE
NINL,FALSE
GINS1,FALSE
LMLN,FALSE
TMEM51,FALSE
WDFY1,FALSE
IFT52,TRUE
MEX3D,FALSE
CXorf56,FALSE
ZMYND8,FALSE
UBAP1L,TRUE
SGK2,FALSE
RP11-65J21.4,TRUE
NDUFS6,FALSE
MARCH6,FALSE
CTTNBP2,FALSE
ROPN1L,TRUE
AHNAK,FALSE
MME,FALSE
MAGI2,FALSE
C4orf46,FALSE
ZCCHC11,FALSE
PRPF38A,FALSE
OAT,FALSE
STAG1,FALSE
ELAVL1,FALSE
BTF3L4,FALSE
NKX3-1,FALSE
LINC00654,FALSE
PMS1,FALSE
KHDRBS3,FALSE
H2AFX,FALSE
ARL14EP,FALSE
NBEA,FALSE
MED19,FALSE
WDR53,FALSE
CCNE2,FALSE
C20orf112,FALSE
CTNS,FALSE
DGKD,FALSE
PRDX4,FALSE
ACOT9,FALSE
LSM1,FALSE
USP51,FALSE
SRC,FALSE
C12orf5,FALSE
MRFAP1L1,FALSE
LARP7,FALSE
HIST1H2BG,FALSE
VAPB,FALSE
GCC1,FALSE
PIGT,FALSE
NCOA3,FALSE
SDC4,FALSE
RP11-325N19.3,TRUE
ZSCAN12,FALSE
TTPAL,FALSE
PREX1,FALSE
BLCAP,FALSE
SRP72,FALSE
CLSTN1,FALSE
CEP135,FALSE
THAP6,FALSE
SLC25A33,FALSE
C1orf53,FALSE
SPSB1,FALSE
CDCA8,FALSE
AGO4,FALSE
GNL2,FALSE
YARS,FALSE
BAZ2B,FALSE
ALDH3B1,FALSE
IQCB1,FALSE
ISG20,TRUE
CPEB2,FALSE
GOLGB1,FALSE
RSBN1L,FALSE
PUM1,FALSE
FHDC1,FALSE
ZYG11B,FALSE
C1orf123,FALSE
MAGOH,FALSE
ZNF502,FALSE
TTC21B,FALSE
SESN1,FALSE
HRH1,FALSE
PTGIS,FALSE
STAU1,FALSE
SNAI1,FALSE
MOCS3,FALSE
RAB11B,FALSE
RNF114,FALSE
PPP4R1L,FALSE
DDX27,FALSE
RP11-866E20.3,TRUE
KIF26B,FALSE
AURKAIP1,FALSE
TFB2M,FALSE
CNST,FALSE
NEURL2,FALSE
BROX,FALSE
NBPF8,FALSE
DAAM2,FALSE
CHD3,FALSE
NSMAF,FALSE
CNTROB,FALSE
BPNT1,FALSE
NAPRT1,FALSE
NAA16,FALSE
CTDSPL2,FALSE
MAP2K5,FALSE
FAM72D,FALSE
SLTM,FALSE
MAPKAPK2,FALSE
PIAS2,FALSE
TAB3,FALSE
RAB22A,FALSE
CSE1L,FALSE
ZNFX1,FALSE
OSMR,FALSE
MST1,FALSE
MCM10,FALSE
YTHDC2,FALSE
ERVW-1,TRUE
TMED2,FALSE
ZCCHC8,TRUE
SAMD9,FALSE
UBE2L6,FALSE
APPL1,FALSE
PLK2,FALSE
CAPN2,FALSE
THAP1,FALSE
CHD6,FALSE
ATP5E,FALSE
RP11-166O4.5,TRUE
LHFPL2,FALSE
SSBP2,FALSE
CEP170B,FALSE
PRIM2,FALSE
SRSF6,FALSE
PIK3R1,FALSE
SCUBE3,FALSE
SOGA2,FALSE
RP11-873E20.1,TRUE
TIMM17A,FALSE
CDC73,FALSE
SNAP29,FALSE
CRKL,FALSE
MAP2K4,FALSE
PIK3C3,FALSE
SMARCB1,FALSE
WDR26,FALSE
GSTT2,FALSE
TRIM17,TRUE
CABIN1,FALSE
FAM43A,FALSE
RSL24D1,FALSE
CNOT7,FALSE
ZNF280D,FALSE
DUSP18,FALSE
GGT7,FALSE
ACSS2,FALSE
RBM39,FALSE
ZDHHC8,FALSE
RANBP1,FALSE
IFNGR1,FALSE
AAR2,FALSE
MED15,FALSE
MTA3,FALSE
TECPR1,FALSE
THBS1,FALSE
ARID4A,FALSE
KIF23,FALSE
NDUFAF1,FALSE
NUSAP1,FALSE
ZC3H13,FALSE
DAG1,FALSE
TMEM164,FALSE
H2AFJ,FALSE
RAB31,FALSE
ZNF726,FALSE
CDC14B,FALSE
RTF1,FALSE
HAUS2,FALSE
RPLP1,FALSE
CASC5,FALSE
MAPKAPK5-AS1,FALSE
ZNF510,FALSE
ITPKA,TRUE
RMDN3,FALSE
SMARCC1,FALSE
MYO10,FALSE
TRIM61,FALSE
DUSP12,FALSE
LRIT3,TRUE
PRPF40A,FALSE
EMC1,FALSE
AC139100.2,TRUE
COL5A3,FALSE
RPL37,FALSE
HP1BP3,FALSE
MUT,FALSE
KRTAP4-12,FALSE
VPS26A,FALSE
PRSS12,FALSE
RP11-1072C15.2,TRUE
RP11-394I13.2,TRUE
SNX7,FALSE
TYW3,FALSE
MFSD8,FALSE
FAM102B,FALSE
CROCCP2,FALSE
PLEKHF2,FALSE
TOX,FALSE
NGF,FALSE
MYSM1,FALSE
ADPRM,FALSE
TM2D1,FALSE
USP1,FALSE
SPRY1,FALSE
CEPT1,FALSE
NOTCH2,FALSE
ADAM30,TRUE
PTGFRN,FALSE
WNT2B,TRUE
FUBP1,FALSE
NEXN,FALSE
ELTD1,FALSE
INTU,FALSE
SORT1,FALSE
H2AFZ,FALSE
EXOC1,FALSE
DNAJB14,FALSE
ARHGAP26,TRUE
ZNF326,FALSE
YIPF5,FALSE
PGRMC2,FALSE
GFI1,TRUE
C1orf52,FALSE
AIMP1,FALSE
SGMS2,FALSE
METAP1,FALSE
ZNF445,FALSE
SLC25A16,FALSE
ELP5,FALSE
AGL,FALSE
EXTL2,FALSE
SLC30A7,FALSE
RNF145,FALSE
WDR5B,FALSE
HMGB3,FALSE
AC159540.1,FALSE
ECHDC1,FALSE
RAP2C,FALSE
ACSL3,FALSE
CHPF,FALSE
ARID5A,FALSE
EBPL,FALSE
SPRYD7,FALSE
RP11-687F6.1,TRUE
RNF217,FALSE
ARHGAP18,FALSE
RBM17,FALSE
HSPB11,FALSE
RPL7L1,FALSE
SRGN,FALSE
PLAU,FALSE
MORF4L2,FALSE
GFM1,FALSE
ARPC5,FALSE
PHIP,FALSE
DDR2,FALSE
NCSTN,FALSE
ARID2,FALSE
OLFML2B,FALSE
P4HA1,FALSE
ECD,FALSE
EGR2,FALSE
BICC1,FALSE
FLVCR1,FALSE
FAM71A,TRUE
ATF3,TRUE
RBM15,FALSE
FAM199X,FALSE
SLK,FALSE
ZNF888,FALSE
SUSD5,FALSE
PRPF38B,FALSE
AC108463.1,TRUE
DGCR8,FALSE
GLIS2,FALSE
SPAST,FALSE
SEC61A2,FALSE
ATG12,FALSE
COMMD10,FALSE
FEM1C,FALSE
TNFAIP8,FALSE
ADM2,FALSE
PPIP5K2,FALSE
RASA1,FALSE
ZNF672,FALSE
PJA2,FALSE
FBXL17,FALSE
SLC30A5,FALSE
BTF3,FALSE
RP11-127B20.2,TRUE
MACF1,FALSE
MIR503HG,FALSE
BDP1,FALSE
PAM,FALSE
FKRP,FALSE
GSTM3,FALSE
SYT6,TRUE
UBB,FALSE
AP5Z1,FALSE
PAPPA,FALSE
KITLG,FALSE
RP11-108P20.1,FALSE
ZFP82,FALSE
NHLRC2,FALSE
MMS22L,FALSE
PNRC1,FALSE
RARS2,FALSE
PM20D2,FALSE
ARL10,FALSE
YES1,FALSE
DDX49,FALSE
DNM2,FALSE
ETV2,TRUE
BTLA,TRUE
GRASP,FALSE
LPHN2,FALSE
COMP,FALSE
SDHB,FALSE
CRTC1,FALSE
TFDP1,FALSE
NFYC,FALSE
KDM4A,FALSE
RACGAP1,FALSE
MFSD2A,FALSE
ISYNA1,FALSE
ELL,FALSE
RP11-46D6.1,FALSE
LARP4,FALSE
TXNRD2,FALSE
JAK3,FALSE
RPL18A,FALSE
SLC5A5,TRUE
ARRDC2,FALSE
AASDH,FALSE
NFATC2IP,FALSE
RP11-890B15.3,FALSE
PRPF31,FALSE
TFPT,FALSE
SSX2IP,FALSE
NRIP1,FALSE
UBE2G2,FALSE
UAP1,FALSE
GCDH,FALSE
DNASE2,FALSE
KDM5B,TRUE
RPF1,FALSE
ARF4,FALSE
APITD1,FALSE
MAP3K3,FALSE
LRIG2,FALSE
MTOR,FALSE
ZEB1,FALSE
SPG7,FALSE
ABLIM3,FALSE
GLRX,FALSE
LCORL,FALSE
ZNHIT6,FALSE
PPP2R5E,FALSE
SMIM10,FALSE
DDX26B,FALSE
KIAA0753,FALSE
TBKBP1,FALSE
IPO9,FALSE
C1orf85,FALSE
KLC4,FALSE
KIF13A,FALSE
REEP2,FALSE
FOXP4,FALSE
ZNF518B,FALSE
ZSCAN9,FALSE
SSBP3,FALSE
SLC6A8,FALSE
DKC1,FALSE
PLXNA3,FALSE
KIF22,FALSE
ATXN7L3,FALSE
PGS1,FALSE
FBXO34,FALSE
PANK3,FALSE
PPP2R5A,FALSE
PXK,FALSE
NOL11,FALSE
FAM83E,TRUE
RLF,FALSE
BCAT2,FALSE
FAR1,FALSE
ERMAP,FALSE
AKT3,FALSE
ASB7,FALSE
PALB2,FALSE
CAMK2G,FALSE
ZNF684,FALSE
BAK1,FALSE
FRA10AC1,FALSE
RPP30,FALSE
NT5DC2,FALSE
TUBB6,FALSE
RP11-22P4.1,TRUE
ETV3,FALSE
CTA-14H9.5,FALSE
ANKRD1,FALSE
SMIM4,FALSE
DIO2,FALSE
DHX8,FALSE
APBA2,FALSE
SAR1A,FALSE
UNC13B,FALSE
HERC4,FALSE
SH3BP5L,FALSE
MARCKSL1,FALSE
TNPO2,FALSE
PLEKHA4,FALSE
POLR3A,FALSE
TUBB2B,FALSE
RIPK1,FALSE
BPHL,TRUE
ZFP62,FALSE
GCM1,FALSE
CPA4,FALSE
DOCK4,TRUE
POT1,FALSE
LRRC1,FALSE
TUBB2A,FALSE
IRF4,FALSE
KIAA0319,TRUE
ATP6V1F,FALSE
NLK,FALSE
MDM4,FALSE
hsa-mir-150,TRUE
APOO,FALSE
THRB,FALSE
FRS3,FALSE
RP11-905K4.1,TRUE
TMEM63B,FALSE
PRKRIP1,FALSE
RBM45,FALSE
YIPF3,FALSE
CMTR1,FALSE
RELA,FALSE
STRIP2,FALSE
FLNC,FALSE
DNAJB9,FALSE
MKLN1,FALSE
CCDC136,FALSE
C11orf71,FALSE
MOBP,TRUE
GINS3,FALSE
TJAP1,FALSE
KCTD6,FALSE
SERINC2,FALSE
CHCHD1,FALSE
DNAJC15,FALSE
PRRX2,FALSE
INA,FALSE
MTRF1,FALSE
LRCH3,FALSE
COPRS,FALSE
C11orf30,FALSE
ENDOG,FALSE
MKI67,FALSE
SETD5,FALSE
CYHR1,FALSE
ZNF195,FALSE
ZNF200,FALSE
DNAJB12,FALSE
SMC5,FALSE
DCAF12,FALSE
ADD3,FALSE
COQ4,FALSE
SLC27A4,FALSE
GOLGA2,FALSE
INSIG2,FALSE
RPS4Y1,FALSE
CCDC93,FALSE
PSD4,FALSE
HSPH1,FALSE
SMAD9,FALSE
ELF1,FALSE
SNORD3B-2,FALSE
CTD-2619J13.13,FALSE
KBTBD7,FALSE
ALG5,FALSE
DAZAP1,FALSE
FAM102A,FALSE
PROSER1,FALSE
UFM1,FALSE
WBP4,FALSE
TCF7L2,FALSE
PLEKHS1,TRUE
UBE2H,FALSE
C9orf114,FALSE
RNF144B,FALSE
RP11-480A16.1,FALSE
NBPF9,FALSE
ENOX2,FALSE
EIF4ENIF1,FALSE
Sep-05,FALSE
PRKAA1,FALSE
SMG5,FALSE
TMEM184C,FALSE
PRMT10,FALSE
CSDC2,FALSE
NAV3,FALSE
ABCE1,FALSE
ANAPC10,FALSE
LSM6,FALSE
OTUD4,FALSE
SLC38A10,FALSE
RIF1,FALSE
ARFIP1,FALSE
MAP3K1,FALSE
RABGAP1,FALSE
NAA15,FALSE
TPMT,FALSE
KCTD18,FALSE
HMGA1,FALSE
MAP9,FALSE
CEP44,FALSE
FBXO8,FALSE
ANXA5,FALSE
HAND2,FALSE
SAP30,FALSE
HMGB2,FALSE
SLC16A4,FALSE
TAF7,FALSE
IER3,FALSE
ALS2CR12,TRUE
FAM126B,FALSE
PGBD1,FALSE
MDC1,FALSE
TMEM237,FALSE
C16orf98,TRUE
ALS2CR11,TRUE
MTCH1,FALSE
ATP13A1,FALSE
NCOA2,FALSE
TRANK1,FALSE
TAF8,FALSE
CASP3,FALSE
PRIMPOL,FALSE
ETHE1,FALSE
ATAD2,FALSE
CTNNB1,FALSE
FBXO32,FALSE
ULK4,FALSE
SIPA1L3,FALSE
GRIK5,FALSE
OR4D2,TRUE
WDR19,FALSE
ATP9A,FALSE
RP11-111M22.3,FALSE
NSMCE2,FALSE
ASPM,FALSE
RP11-110I1.12,FALSE
CNNM2,TRUE
PDCD11,FALSE
ADAM12,FALSE
GSTO1,FALSE
TAF5,FALSE
CTC-444N24.11,FALSE
IL1B,FALSE
SHISA4,FALSE
PLGLB2,FALSE
AC003005.2,TRUE
AHCYL1,FALSE
RGS10,FALSE
HMGN2,FALSE
DENND4B,FALSE
RPS28,FALSE
GSTT1,FALSE
HPRT1,FALSE
NEK8,FALSE
UBA1,FALSE
ACTR10,FALSE
RP11-258C19.7,FALSE
SS18L1,FALSE
SCFD2,FALSE
PFKM,FALSE
FKBP8,FALSE
SUGP1,FALSE
ZNF14,FALSE
WDYHV1,FALSE
FAM118B,FALSE
EPHA4,TRUE
ZNF324B,FALSE
SENP2,FALSE
RPN1,FALSE
TMEM41A,FALSE
PDE1C,FALSE
CLIP3,FALSE
NUMBL,FALSE
ALMS1,FALSE
FARSB,FALSE
RP11-388M20.9,TRUE
PARD3B,FALSE
MAP7D2,TRUE
RP11-534C12.1,FALSE
PPP1R21,FALSE
PRX,TRUE
PLD3,FALSE
AKT2,FALSE
TEFM,FALSE
PIAS4,FALSE
RP11-572C15.6,FALSE
QTRTD1,FALSE
ITGBL1,FALSE
PRDX6,FALSE
DARS2,FALSE
DIEXF,FALSE
IRF6,FALSE
TMEM238,TRUE
BTBD1,FALSE
ABCD3,FALSE
F3,FALSE
EXOC5,FALSE
PRRC2C,FALSE
HNRNPR,FALSE
CNN3,FALSE
ZNF436,FALSE
UPF1,FALSE
DR1,FALSE
EGR3,TRUE
TMED5,FALSE
REXO1,FALSE
LXN,FALSE
SPR,FALSE
PLEKHA3,FALSE
PTBP2,FALSE
RP11-686D22.4,FALSE
NPIPB4,FALSE
RP11-111K18.2,TRUE
YEATS2,FALSE
DPH5,FALSE
VAMP4,FALSE
HMGN1,FALSE
MSH6,FALSE
ITGAM,TRUE
MIPEP,FALSE
KCTD12,FALSE
CHSY3,FALSE
CDCP1,FALSE
NDUFA6,FALSE
ZDHHC3,FALSE
LZTFL1,FALSE
RPS16,FALSE
TIMM50,FALSE
EPAS1,FALSE
ERC1,FALSE
ANKRD27,FALSE
POP4,FALSE
SUMO1,FALSE
KIAA1143,FALSE
KIF15,FALSE
SNED1,FALSE
PCYOX1,FALSE
FAM83G,FALSE
CTD-3195I5.5,FALSE
AURKC,FALSE
EIF3J,FALSE
SPG11,FALSE
TXNL1,FALSE
PRDX1,FALSE
RP11-473M20.16,FALSE
CACNB1,FALSE
SPPL3,FALSE
PIK3R3,TRUE
BLZF1,FALSE
SLC19A2,FALSE
CDCA5,FALSE
STK39,FALSE
NSUN4,FALSE
SLC2A3,FALSE
PBX3,FALSE
FAM21C,FALSE
ZNF622,FALSE
COPS8,FALSE
ZNF267,FALSE
RASA2,FALSE
CIC,FALSE
ARL9,TRUE
ACADSB,TRUE
PIGQ,FALSE
CTC-296K1.4,TRUE
IPO13,FALSE
ZDHHC9,FALSE
SNRPA1,FALSE
CHSY1,FALSE
TSR3,FALSE
TMEM260,FALSE
TLK1,FALSE
RP11-84C13.1,FALSE
AKR1A1,FALSE
SNORD3D,FALSE
AFAP1,FALSE
RNF26,FALSE
TJP1,FALSE
GABPB1,FALSE
RNF168,FALSE
UBXN7,FALSE
OLFM2,FALSE
DTWD1,FALSE
MFI2,FALSE
TMEM101,FALSE
IFT122,FALSE
VRK3,FALSE
DMXL2,FALSE
RPL39L,FALSE
PHKA2,FALSE
PBRM1,FALSE
GNL3,FALSE
TKT,FALSE
PRKCD,FALSE
BAP1,FALSE
FAM208A,FALSE
ARHGEF3,FALSE
BAIAP2-AS1,FALSE
KDELR1,FALSE
CCT2,FALSE
FRS2,FALSE
ZNF776,FALSE
FAT4,FALSE
CDK17,FALSE
ALKBH5,FALSE
RP11-327F22.5,TRUE
DYNLT3,FALSE
CYLD,TRUE
LIG1,FALSE
CARD8,FALSE
MSL1,FALSE
RP11-71H17.9,FALSE
ZNF175,FALSE
CDC20,FALSE
PCDH19,FALSE
EBNA1BP2,FALSE
SLC2A1,FALSE
PSMD13,FALSE
NLRP1,FALSE
SCD,FALSE
ZNF830,FALSE
UBA52,FALSE
FADS3,FALSE
GNAL,TRUE
ZNF225,FALSE
MSMO1,FALSE
GPR173,FALSE
CTC-444N24.8,FALSE
GALNT1,FALSE
PRPF3,FALSE
RPRD1A,FALSE
SLC39A6,FALSE
MEGF8,FALSE
PTPRS,FALSE
CDC37,FALSE
NAPA,FALSE
NPC1,FALSE
C18orf8,FALSE
CD46,FALSE
GATA6,FALSE
PDIK1L,FALSE
ESCO1,FALSE
PTER,FALSE
TIPARP,FALSE
PTX3,FALSE
ARL5B,FALSE
PTPLA,FALSE
RAB18,FALSE
ZFYVE9,FALSE
CCNL1,FALSE
ID3,FALSE
NRP1,FALSE
ATXN7,FALSE
CYBA,FALSE
TRMT112,FALSE
PRTFDC1,FALSE
GALE,FALSE
HMGCL,FALSE
KDM2A,FALSE
H2AFY2,FALSE
MARCH3,TRUE
ATG4C,FALSE
RP11-375I20.6,TRUE
ESRRA,FALSE
RHOD,FALSE
FAM21A,FALSE
ZNF486,FALSE
RPP14,FALSE
SLMAP,FALSE
FANCM,FALSE
SPICE1,FALSE
RP11-705O1.8,TRUE
ABLIM1,FALSE
SLC30A4,FALSE
FH,FALSE
IKBIP,FALSE
S1PR1,FALSE
C3orf17,FALSE
GTPBP8,FALSE
RYBP,FALSE
ANKRD35,FALSE
GAN,FALSE
HDX,FALSE
CCDC9,FALSE
FZR1,FALSE
HNRNPUL1,FALSE
YTHDF2,FALSE
BBC3,FALSE
TGFB1,FALSE
CLHC1,FALSE
TSPYL2,FALSE
FRZB,TRUE
ATP5SL,FALSE
ARL5A,FALSE
ATP7A,FALSE
TYW5,FALSE
PLIN3,FALSE
ECE1,FALSE
MRPL4,FALSE
CD79A,TRUE
ZDHHC21,FALSE
ICAM4,TRUE
RPS19,FALSE
ICAM5,FALSE
BRWD3,FALSE
KLHL25,FALSE
TYK2,FALSE
RPS21,FALSE
GPR89A,FALSE
TAF2,FALSE
SLC25A2,TRUE
ARAP3,FALSE
WDR55,FALSE
CYC1,FALSE
RAB7L1,FALSE
CYSTM1,FALSE
TXNIP,FALSE
HCFC1,FALSE
GBP1,FALSE
RP11-359E10.1,FALSE
RBBP5,FALSE
LUC7L,FALSE
PRNP,FALSE
HSBP1L1,FALSE
PDIA3,FALSE
HPS3,FALSE
CPT2,FALSE
C1orf27,FALSE
NIFK,FALSE
ZBTB3,FALSE
SS18,FALSE
ZNF613,FALSE
RYK,FALSE
SNRK,FALSE
TOPBP1,FALSE
NECAP2,FALSE
GFPT1,FALSE
C13orf45,TRUE
AFG3L2,FALSE
SPRED2,FALSE
CTD-2008P7.10,TRUE
SLMO1,FALSE
GPR137,FALSE
CACTIN,FALSE
FBXO45,FALSE
PRKD2,FALSE
REL,FALSE
SLC1A5,FALSE
KDM5C,FALSE
CCNL2,FALSE
AMOT,FALSE
ITSN2,FALSE
MTMR14,FALSE
HSPB8,FALSE
TTC14,FALSE
LINC00667,FALSE
MAGI1,FALSE
RP3-395M20.12,FALSE
HIAT1,FALSE
RP3-465N24.6,FALSE
RP4-758J18.13,FALSE
RRM2B,FALSE
RP11-160E2.17,TRUE
DDX21,FALSE
BMS1,FALSE
PSMB1,FALSE
PLXNA2,FALSE
PIK3CB,FALSE
NDUFS3,FALSE
PNISR,FALSE
CTD-3195I5.1,FALSE
LINC00880,TRUE
ESCO2,FALSE
COMMD8,FALSE
COQ3,TRUE
CEP97,FALSE
EID2,FALSE
POLQ,FALSE
ARHGAP29,FALSE
KIAA1462,FALSE
STK32C,FALSE
TP53INP2,FALSE
FNBP1L,FALSE
TTLL7,FALSE
GTF2B,TRUE
JARID2,FALSE
CTD-2192J16.26,FALSE
DAGLA,FALSE
FABP3,FALSE
ITCH,FALSE
ZCCHC17,FALSE
ARHGEF28,FALSE
TMEM39B,FALSE
KHDRBS1,FALSE
HSBP1,FALSE
AC026806.2,FALSE
RAB30-AS1,FALSE
EID2B,FALSE
CCDC11,TRUE
MROH1,FALSE
TIGD3,TRUE
RP4-665J23.1,FALSE
DPY19L4,FALSE
DNAJB11,FALSE
ACBD3,FALSE
RP11-54O7.17,FALSE
FLJ00273,TRUE
TRUB1,FALSE
GOLGA8A,FALSE
HIBCH,FALSE
OSBPL9,FALSE
NAT1,FALSE
SOWAHC,FALSE
BOD1L1,FALSE
PI4K2B,FALSE
TXNDC12,FALSE
LINC00883,FALSE
PIWIL4,FALSE
HSPA12A,FALSE
FZD8,FALSE
POLR3GL,FALSE
NOC4L,FALSE
CYP27C1,FALSE
GPR125,FALSE
FAM120C,FALSE
SPHK2,FALSE
RNF115,FALSE
DBT,FALSE
SMTN,FALSE
RTCA,FALSE
IRF7,FALSE
CTB-75G16.3,TRUE
CCS,FALSE
CASP7,FALSE
KIF1B,FALSE
MAX,FALSE
C10orf118,FALSE
MAN2B2,FALSE
NQO1,FALSE
BRI3BP,FALSE
STK32B,FALSE
C1orf116,TRUE
ACAT1,FALSE
GINM1,FALSE
ARID1A,FALSE
LRCH2,FALSE
CENPF,FALSE
SIPA1,FALSE
EIF3I,FALSE
FCHO2,FALSE
PGM2,FALSE
MRPL1,FALSE
LRIF1,FALSE
C10orf10,FALSE
RPA2,FALSE
TMEM54,FALSE
PPP1R8,FALSE
CSMD2,FALSE
PHLPP2,FALSE
MED28,FALSE
PGAM4,FALSE
DDB2,FALSE
ZNF140,FALSE
LRP4,FALSE
RP11-439E19.9,FALSE
INO80E,FALSE
MOSPD2,FALSE
MGST1,FALSE
ITSN1,FALSE
RP11-304F15.7,FALSE
SERPINC1,TRUE
RP4-799D16.1,FALSE
PRDX3,FALSE
GHITM,FALSE
RP11-408A13.4,TRUE
FAM204A,FALSE
FAM175B,FALSE
RP11-732M18.3,FALSE
RPS6KA1,TRUE
VSTM4,FALSE
TAF3,FALSE
VDAC2,FALSE
DHDDS,FALSE
NEK2,FALSE
PDZD8,FALSE
IFITM2,FALSE
STMN1,FALSE
SUMF1,FALSE
PRMT3,FALSE
C1orf63,FALSE
SYF2,TRUE
SLC35A3,FALSE
GABARAPL2,FALSE
DDIT4,FALSE
RCOR3,FALSE
NUDT5,FALSE
ZNF24,FALSE
HNRNPDL,FALSE
ZNF605,FALSE
XPO4,FALSE
USPL1,FALSE
ZMYM5,FALSE
NCOR2,FALSE
CDK8,FALSE
POMP,FALSE
PRDM8,FALSE
NSL1,FALSE
WASF3,FALSE
RP11-339B21.15,FALSE
RP11-25O10.2,TRUE
SAT1,FALSE
NDUFA12,FALSE
BET1L,FALSE
RIC8A,FALSE
PPAP2A,FALSE
CYFIP1,FALSE
STARD8,FALSE
ACTR6,FALSE
UBE3C,FALSE
RAB11FIP1,FALSE
CYB5B,FALSE
FNDC3B,FALSE
TTC17,FALSE
HAS3,TRUE
ITGAE,FALSE
PLA2G15,FALSE
SLC7A6,FALSE
SMURF1,FALSE
LYSMD4,FALSE
RALBP1,FALSE
COG4,FALSE
TANGO6,FALSE
ISCU,FALSE
SRGAP1,FALSE
ARHGAP12,FALSE
HECTD2,FALSE
TXNDC11,FALSE
CCNI,FALSE
DRAM1,FALSE
PWP1,FALSE
SLC41A2,FALSE
KIAA1033,FALSE
SCYL2,FALSE
CARHSP1,FALSE
ERGIC1,FALSE
CSNK1A1,FALSE
KIF24,FALSE
PDGFRB,FALSE
BZRAP1,TRUE
CCNT1,FALSE
SCXB,TRUE
ZW10,FALSE
DCAKD,FALSE
BAG4,FALSE
LDHA,FALSE
TCEA1,FALSE
WDR59,FALSE
SLC36A4,FALSE
EIF4B,FALSE
DBN1,FALSE
ZNF346,FALSE
IL8,FALSE
CHRM4,TRUE
ATP6V0E1,FALSE
C14orf132,FALSE
STC2,FALSE
CDO1,TRUE
CPEB4,FALSE
RP4-665J23.4,TRUE
RPL38,FALSE
ZNF277,FALSE
PCMT1,FALSE
MTHFD1L,FALSE
CD44,FALSE
TYW1,FALSE
MARCH8,FALSE
ZCCHC24,FALSE
RMRP,FALSE
PCNXL3,FALSE
FGD6,FALSE
CAPZA2,FALSE
REEP3,FALSE
RP11-498E2.7,FALSE
YTHDC1,FALSE
XPOT,FALSE
JKAMP,FALSE
COPZ2,FALSE
FAT1,FALSE
RABGAP1L,FALSE
BAZ1B,FALSE
AKAP13,FALSE
LIX1L,FALSE
MRPS21,FALSE
SERP1,FALSE
UTY,FALSE
SLFN11,FALSE
BRIX1,FALSE
RP11-350F4.2,FALSE
RAD1,FALSE
ARHGAP10,FALSE
MTERFD1,FALSE
UQCRB,FALSE
RP11-339B21.11,FALSE
AFAP1L1,FALSE
ULK2,FALSE
U1,FALSE
PTDSS1,FALSE
RPL30,FALSE
KCNS2,FALSE
NDUFA5,FALSE
KLHDC10,FALSE
LRRC17,FALSE
PTGER2,FALSE
ZNF789,FALSE
CHP1,FALSE
PSME2,FALSE
CSTF2T,FALSE
MALT1,FALSE
EMC9,FALSE
NFKBIA,FALSE
NFATC4,FALSE
SEC23A,FALSE
PNN,FALSE
KNTC1,FALSE
ISOC2,FALSE
EPN1,FALSE
PHKA1,FALSE
RP5-908M14.5,TRUE
RAD50,FALSE
XPO6,FALSE
NSMCE1,FALSE
PAG1,FALSE
TADA1,FALSE
ACSF3,FALSE
GNPDA1,FALSE
UBE2E2,FALSE
NUP155,FALSE
C5orf15,FALSE
NR3C1,FALSE
AGAP3,FALSE
KRBA1,FALSE
SCN8A,FALSE
ACAT2,FALSE
FGF1,FALSE
TCP1,FALSE
ERP44,FALSE
AP000473.8,TRUE
FBRSL1,FALSE
PPTC7,FALSE
C22orf46,FALSE
TRIM23,FALSE
LIFR,FALSE
TRAPPC13,FALSE
PPWD1,FALSE
MRPL21,FALSE
RAB7A,FALSE
PTGER3,FALSE
TACC3,FALSE
TIGD5,FALSE
CEBPZ-AS1,FALSE
DLG1,FALSE
TBC1D10B,FALSE
CD2BP2,FALSE
RP11-231C14.4,FALSE
UBA7,FALSE
PSMB5,FALSE
YY1,FALSE
CCNB1IP1,FALSE
ACIN1,FALSE
TRIP11,FALSE
NPIPB3,FALSE
APEX1,FALSE
PUF60,FALSE
MED29,FALSE
SEC24A,FALSE
ARHGAP5,FALSE
MEF2A,FALSE
CINP,FALSE
IRF1,FALSE
CHD8,FALSE
SRP54,FALSE
TCERG1,FALSE
RARS,FALSE
CRELD2,FALSE
TAF15,FALSE
SMAD5,FALSE
DPYSL3,FALSE
TAPT1,FALSE
TPR,FALSE
RP1-228P16.5,TRUE
IRX5,FALSE
MED21,FALSE
LDB2,FALSE
EGLN3,TRUE
SNX6,FALSE
EAPP,FALSE
NUTM2B,FALSE
TOR3A,FALSE
MIS18BP1,FALSE
FCHSD1,FALSE
ELL2,FALSE
SHKBP1,FALSE
RDH10,FALSE
BCKDHB,FALSE
WRAP53,FALSE
RP11-332H14.2,TRUE
FASTKD3,FALSE
C9orf41,FALSE
CASC4,FALSE
PAPOLA,FALSE
CCNK,FALSE
ZNF3,FALSE
ZSCAN21,FALSE
MRPS33,FALSE
DOCK11,FALSE
GNAQ,FALSE
NBPF12,FALSE
VCAN,FALSE
PPIB,FALSE
FAM96A,FALSE
RP11-620J15.3,FALSE
SMARCA2,FALSE
KIF7,FALSE
TRIO,FALSE
RND1,TRUE
RALGAPA1,FALSE
DIAPH2,FALSE
L2HGDH,TRUE
LAMP1,FALSE
ANPEP,FALSE
FAM115A,FALSE
ASGR1,TRUE
SAT2,FALSE
MINK1,FALSE
BRSK1,FALSE
TP53,FALSE
SLC16A3,FALSE
ARHGDIA,FALSE
AGAP4,FALSE
SLIT2,FALSE
EIF4A3,FALSE
TTYH2,FALSE
DAD1,FALSE
TEP1,FALSE
CSNK1D,FALSE
TBCD,FALSE
SACM1L,FALSE
NARF,TRUE
RPTOR,FALSE
TRIM65,FALSE
FOXK2,FALSE
METTL15,FALSE
TNPO1,FALSE
CBX4,FALSE
WDR45B,FALSE
CBX8,FALSE
AZI1,FALSE
ATRX,FALSE
RP5-1057J7.6,TRUE
RP11-343N15.5,FALSE
ACRC,TRUE
NUDT17,FALSE
LYRM2,FALSE
DOPEY1,FALSE
EBP,FALSE
OGT,FALSE
ITGB1BP2,FALSE
TAF1,FALSE
ACOX3,FALSE
NONO,FALSE
ZNF41,FALSE
KRBOX4,FALSE
MRPL35,FALSE
CHST7,FALSE
SLC26A11,FALSE
PER2,FALSE
THSD4,FALSE
C17orf47,FALSE
PTCD3,FALSE
IMMT,FALSE
KIAA0020,FALSE
B2M,FALSE
ZNF592,FALSE
MRPS12,FALSE
EFR3A,FALSE
ZSWIM7,TRUE
HIPK4,TRUE
GCLM,FALSE
PLEKHO1,FALSE
C19orf47,FALSE
NDUFAF7,FALSE
ZNF714,FALSE
RAB2B,FALSE
TRO,FALSE
SPATA5L1,FALSE
GEN1,FALSE
NGDN,FALSE
IL17RA,FALSE
RP11-467P9.1,FALSE
TIFA,FALSE
SPATA5,FALSE
TBCK,FALSE
CAMK2D,FALSE
CISD2,FALSE
EPS8L2,FALSE
TFPI,FALSE
PYURF,FALSE
AAMDC,FALSE
SAFB,FALSE
NT5C3B,FALSE
LEPREL4,FALSE
KLHL8,FALSE
AP000688.29,TRUE
RAB10,FALSE
KIF3C,FALSE
SPCS2,FALSE
RP11-44N21.1,FALSE
HADHA,FALSE
VPS9D1,FALSE
KAT6B,FALSE
PIP4K2B,FALSE
NBEAL1,FALSE
TRAPPC6B,FALSE
CPO,TRUE
RHBDD1,FALSE
CFLAR,FALSE
SART3,FALSE
SMARCA5,FALSE
ERBB2,FALSE
OSBPL5,FALSE
TALDO1,FALSE
USP53,FALSE
RPL10,FALSE
HES6,FALSE
FKBP10,FALSE
IGFBP4,FALSE
METTL14,FALSE
RP1-224A6.9,TRUE
SCOC,FALSE
DRAM2,FALSE
LYAR,FALSE
RP11-332H14.1,TRUE
AC017074.2,TRUE
ATP10D,FALSE
CENPC,FALSE
GRB2,FALSE
SNRPE,FALSE
TLN2,FALSE
BTBD19,FALSE
RP11-438L19.1,TRUE
USP16,FALSE
C11orf82,FALSE
PCF11,FALSE
TRMT12,FALSE
VPS39,FALSE
CCT8,FALSE
MAP3K7CL,FALSE
NSDHL,FALSE
SAMD8,FALSE
BEND3,FALSE
SECISBP2,TRUE
N6AMT1,FALSE
INPPL1,FALSE
C9orf153,TRUE
ALS2,FALSE
CLPX,FALSE
SMAD3,FALSE
SCAF4,FALSE
B4GALT4,FALSE
NAA50,FALSE
SCG5,TRUE
COPS7B,FALSE
RNASE10,TRUE
PTPRU,FALSE
MTMR10,FALSE
RASA3,FALSE
DIS3L2,FALSE
RP5-850O15.4,TRUE
ARHGAP11B,FALSE
GLRX5,FALSE
PIGV,FALSE
DCUN1D1,FALSE
RQCD1,FALSE
STK11IP,FALSE
IRS2,FALSE
RP4-798A10.7,TRUE
MAT2B,FALSE
CD9,FALSE
ZNF280C,FALSE
ENOPH1,FALSE
RNF2,FALSE
TRMT1L,FALSE
RP11-526I2.5,FALSE
POLR2L,FALSE
GTF3C6,FALSE
CDK19,FALSE
EPB41L2,FALSE
SFR1,FALSE
ZNRF3,FALSE
ZNF337,FALSE
SNRNP40,FALSE
APOA1,FALSE
PCGF6,FALSE
PRR14L,FALSE
TTC5,FALSE
FNBP1,FALSE
TAF4,FALSE
TRIP13,FALSE
TWSG1,FALSE
MNT,FALSE
TMEM45A,FALSE
GCNT1,FALSE
RPUSD4,FALSE
JMJD6,FALSE
SLC6A13,TRUE
ARNTL,FALSE
SWAP70,FALSE
ARHGAP35,FALSE
CALM3,FALSE
SETD2,FALSE
BID,FALSE
SUPT6H,FALSE
PHF12,FALSE
ADD1,FALSE
AC007040.11,FALSE
CTD-2037K23.2,FALSE
C3orf18,FALSE
MTRNR2L12,FALSE
FAM98B,FALSE
OGFOD3,FALSE
NOP14,FALSE
RFPL3S,FALSE
COL11A1,FALSE
YBX1,FALSE
LAMA5,FALSE
ADRM1,FALSE
OSBPL2,FALSE
ZZEF1,FALSE
ZNF414,FALSE
OXCT1,FALSE
BTBD2,FALSE
RNU12,FALSE
ENOSF1,FALSE
PDCD7,FALSE
UBXN2A,FALSE
STX7,FALSE
ST6GALNAC1,TRUE
NAF1,FALSE
MOXD1,FALSE
SEL1L3,FALSE
ECHDC2,FALSE
PDGFC,FALSE
OPTN,FALSE
CBR4,FALSE
CDC27,FALSE
ASAP3,FALSE
RPS3A,FALSE
CYP26B1,TRUE
FLII,FALSE
C19orf38,TRUE
ZNF846,FALSE
KIAA0195,FALSE
GGH,FALSE
TGS1,FALSE
SULF1,FALSE
SDCBP,FALSE
DPF2,FALSE
LINC01039,TRUE
EMILIN2,FALSE
ZNF582,FALSE
RRAS2,FALSE
MICAL2,FALSE
SBF2,FALSE
NCOA1,FALSE
OPHN1,FALSE
SUPV3L1,FALSE
RNF135,FALSE
RNF13,FALSE
TYSND1,FALSE
AMPD3,FALSE
CSNK2A2,FALSE
RP11-700H6.1,TRUE
RCC2,FALSE
KCNMA1,FALSE
ADK,FALSE
MYO1B,FALSE
KMT2C,FALSE
MTX2,FALSE
MRP63,FALSE
CHN1,FALSE
M6PR,FALSE
FOXD4,TRUE
PIDD,FALSE
RP4-798A10.2,TRUE
RP11-468H14.2,TRUE
ARL15,FALSE
DESI2,FALSE
SLC25A22,FALSE
MTMR1,FALSE
RP11-48B3.4,TRUE
MTMR11,FALSE
RAC3,FALSE
DVL2,FALSE
RFNG,FALSE
SIAH2,FALSE
DCXR,FALSE
SF3B2,FALSE
ATP6V1E1,FALSE
SLC25A3,FALSE
ZC3H12D,FALSE
ZMPSTE24,FALSE
PPIE,FALSE
SMAP2,FALSE
C3orf58,FALSE
SREK1,FALSE
CHD1,FALSE
LONP1,FALSE
RARG,FALSE
DUS1L,FALSE
CTC-241N9.1,FALSE
FASN,FALSE
MRC1L1,TRUE
GPR124,FALSE
THSD1,FALSE
TBC1D4,FALSE
CKAP2,FALSE
VPS36,FALSE
LRCH1,FALSE
BORA,FALSE
RP11-469M7.1,TRUE
FUCA1,FALSE
ITM2B,FALSE
RCBTB2,FALSE
PHF11,FALSE
SUCLA2,FALSE
MED4,FALSE
COG3,FALSE
RPLP2,FALSE
SETDB2,FALSE
KMT2A,FALSE
SMG6,FALSE
FAM26E,FALSE
MYH3,FALSE
PMP22,FALSE
IFT20,FALSE
TOB2,FALSE
VPS13B,FALSE
PTRF,FALSE
HRSP12,FALSE
PNPLA2,FALSE
LIAS,FALSE
PDS5A,FALSE
HAT1,FALSE
HELZ2,FALSE
EFCAB4A,TRUE
H1F0,FALSE
ZNF569,FALSE
PACSIN3,FALSE
RAPSN,TRUE
PSMC3,FALSE
AGBL2,TRUE
GSK3B,FALSE
KIAA2026,FALSE
STRA13,FALSE
WSB1,FALSE
LRRC45,FALSE
CHD9,FALSE
TRIM72,FALSE
NEK3,FALSE
RAD18,FALSE
POLR2A,FALSE
IFT46,FALSE
C7orf73,FALSE
CSNK1E,FALSE
C20orf96,FALSE
LRRC16A,FALSE
ST3GAL3,FALSE
UROD,FALSE
AGO3,FALSE
DGCR2,FALSE
NUDT11,FALSE
UBE2E1,FALSE
THOP1,FALSE
PSMB2,FALSE
NUTF2,FALSE
PHKB,FALSE
RP11-458N5.1,FALSE
MSI2,FALSE
C6orf1,FALSE
LINC00202-1,FALSE
SLC22A18AS,TRUE
RP11-255C15.3,TRUE
THAP10,FALSE
CLASP2,FALSE
STT3B,FALSE
AP2A1,FALSE
CHCHD4,FALSE
VPS13C,FALSE
FBLN2,FALSE
TGFBR2,FALSE
AZI2,FALSE
SLC25A13,FALSE
ST7,FALSE
ANGEL2,FALSE
METTL9,FALSE
RRP7A,FALSE
RPL22L1,FALSE
IFI16,FALSE
EIF5A2,FALSE
NUAK2,FALSE
GTF2F1,FALSE
PSPN,TRUE
SLC25A23,FALSE
PRKCI,FALSE
FNIP2,FALSE
TBX15,FALSE
TRAF3,FALSE
LONP2,FALSE
NLRX1,FALSE
GAS6-AS2,FALSE
CENPT,FALSE
NFAT5,FALSE
RP11-391M1.4,FALSE
STARD7,FALSE
SLC30A1,FALSE
HMOX1,FALSE
RP11-379F4.6,TRUE
TOP3A,FALSE
SENP1,FALSE
PTPN21,FALSE
ROCK1,FALSE
AP1B1,FALSE
NEFH,FALSE
TOM1,FALSE
HMGXB4,FALSE
NUP214,FALSE
RHBDD3,FALSE
ZNF821,FALSE
PPP6R2,FALSE
TIMP3,FALSE
ACD,FALSE
CTCF,FALSE
SBF1,FALSE
NPIPB11,FALSE
CBY1,FALSE
BTBD7,FALSE
TOMM22,FALSE
RTCB,FALSE
PCMTD1,FALSE
TRPV2,FALSE
TIMM22,FALSE
TCF20,FALSE
DDX17,FALSE
ARL2BP,FALSE
UBE2N,FALSE
CHM,FALSE
SFXN4,FALSE
GALNT11,FALSE
RP11-458F8.4,FALSE
ZNF438,FALSE
PDCD6IP,FALSE
GLB1,FALSE
APPBP2,FALSE
AL359878.1,TRUE
IREB2,FALSE
CRTAP,FALSE
ABHD17C,FALSE
ADAMTS7,FALSE
SMG1,FALSE
YAE1D1,FALSE
FLYWCH1,FALSE
ARMCX4,FALSE
LRRC58,FALSE
TRAPPC2,FALSE
PPP1R12C,FALSE
UNKL,FALSE
CCDC132,FALSE
KATNA1,FALSE
FSTL1,FALSE
MBD1,FALSE
KDELR3,FALSE
BNIP3L,FALSE
ASAH1,FALSE
TNFRSF11A,TRUE
RP11-129K12.1,TRUE
KCTD9,FALSE
CENPH,FALSE
CWC27,FALSE
ARHGEF10,FALSE
TTC28,FALSE
PMAIP1,FALSE
ITIH3,TRUE
PICK1,FALSE
TUSC3,FALSE
NEFM,FALSE
SREK1IP1,FALSE
ERICH1,FALSE
PHYHIP,TRUE
ZCCHC2,FALSE
ZNF563,FALSE
GCAT,FALSE
EIF3L,FALSE
ANKRD54,FALSE
THEGL,FALSE
POLR2F,FALSE
CEP89,FALSE
MSL2,FALSE
MCU,FALSE
TFIP11,FALSE
AL590708.2,FALSE
CCDC117,FALSE
GAB2,FALSE
BSG,FALSE
RP11-140I16.3,TRUE
RP11-212P7.2,FALSE
ANXA2,FALSE
CLDN1,FALSE
GLMN,FALSE
MEX3C,FALSE
OCRL,FALSE
CGGBP1,FALSE
ZFAND2A,FALSE
PDZK1,TRUE
C16orf52,TRUE
NTAN1,FALSE
RP11-722E23.2,FALSE
FAM53C,FALSE
ETF1,FALSE
TGFBI,FALSE
PCGF2,FALSE
EGR1,FALSE
KDM3B,FALSE
ZNF418,FALSE
PAIP2,FALSE
ZXDC,FALSE
AZU1,FALSE
MAML3,FALSE
DGCR14,FALSE
FBN1,FALSE
IL11,FALSE
ZNF431,FALSE
CARD10,FALSE
KLHL42,FALSE
RAB8B,FALSE
KIAA0556,FALSE
MAPK1,FALSE
CBFB,FALSE
SLC35E4,FALSE
TOP3B,FALSE
RP11-554D13.1,TRUE
BAG5,FALSE
KBTBD8,FALSE
EOGT,FALSE
HPS4,FALSE
CKB,FALSE
TRMT61A,FALSE
POGLUT1,FALSE
DNM1L,FALSE
TENM3,FALSE
GGA1,FALSE
TMEM150B,FALSE
RP11-1246C19.1,FALSE
EVC2,FALSE
YPEL1,TRUE
PES1,FALSE
PPIL2,FALSE
LINC00339,FALSE
NCKAP1,FALSE
MTMR2,FALSE
ALCAM,FALSE
OSBPL8,FALSE
TCAIM,FALSE
RASSF3,FALSE
HERPUD1,FALSE
ZFP36,FALSE
NAP1L5,FALSE
SMIM12,FALSE
TNFSF14,TRUE
TRIP10,FALSE
ZFP28,FALSE
FOSB,TRUE
EML2,FALSE
SNIP1,FALSE
ZC3H12A,FALSE
MEAF6,FALSE
SPRED1,FALSE
LIMCH1,FALSE
ZNF549,FALSE
ZNF720,FALSE
RP11-78O7.2,TRUE
TRIT1,FALSE
ZNF211,FALSE
PAXIP1-AS1,FALSE
TRAPPC8,FALSE
HNRNPAB,FALSE
COL4A5,FALSE
NHS,FALSE
ZNF629,FALSE
MGRN1,FALSE
ADAM9,FALSE
RP11-448A19.1,FALSE
CTD-2184D3.3,TRUE
TRADD,FALSE
CTD-2008A1.1,TRUE
ZNF446,FALSE
AMMECR1L,FALSE
RP11-348P10.2,TRUE
THOC1,FALSE
RPS5,FALSE
PRKX,FALSE
ZNF671,FALSE
AFF3,FALSE
LYG1,TRUE
RP11-65L3.1,TRUE
UBXN4,FALSE
PRKACA,FALSE
TMEM30C,TRUE
ZNF383,FALSE
NANOS1,TRUE
WBSCR22,FALSE
INSIG1,FALSE
FRYL,FALSE
GS1-124K5.11,FALSE
CTD-2054N24.2,FALSE
PWP2,FALSE
FAM213B,FALSE
NOMO2,FALSE
PANK4,FALSE
AP3B1,FALSE
ZFC3H1,FALSE
NYAP1,TRUE
IER2,FALSE
RP11-333I13.1,TRUE
E2F7,FALSE
LPCAT1,FALSE
MYOCD,FALSE
WDR3,FALSE
CEBPA,TRUE
COPS3,FALSE
NCOR1,FALSE
MED9,FALSE
DEAF1,FALSE
HSPD1,FALSE
UBR3,FALSE
SARS,FALSE
SCARA3,FALSE
FAM171B,FALSE
GULP1,FALSE
RP11-61G23.2,TRUE
CUL1,FALSE
ZDHHC13,FALSE
PAWR,FALSE
KIAA1715,FALSE
BAMBI,FALSE
ATP5O,FALSE
NCLN,FALSE
RP11-408H1.3,TRUE
WAC,FALSE
PHLDA3,FALSE
MAFB,TRUE
MOCOS,FALSE
RP11-33O4.1,TRUE
PCTP,FALSE
PKN2,FALSE
OR4D1,TRUE
RP11-395A13.2,FALSE
TIMM17B,FALSE
ELK1,FALSE
CEL,FALSE
UXT,FALSE
C5orf42,FALSE
C17orf98,TRUE
RBM15B,FALSE
COPS2,FALSE
ARIH1,FALSE
ZBTB10,FALSE
DHX36,FALSE
PRPSAP2,FALSE
MYO19,FALSE
DCTN4,FALSE
KIAA0922,FALSE
TRIQK,FALSE
BCAR4,TRUE
C19orf54,FALSE
ZNF738,FALSE
SNRNP200,FALSE
SORBS1,TRUE
RAB38,FALSE
CDK10,FALSE
PMM1,FALSE
PHF5A,FALSE
ACO2,FALSE
SOCS1,FALSE
BRD1,FALSE
CERK,FALSE
ZC3H7B,FALSE
CASK,FALSE
SIK3,FALSE
KDM6A,FALSE
GPR25,TRUE
SRRM1,FALSE
HDGFRP3,FALSE
AL590560.1,TRUE
SSH2,FALSE
RSRC1,FALSE
NPIPA2,FALSE
DUSP11,FALSE
EXOC6B,FALSE
TPRKB,FALSE
RTTN,FALSE
VPS53,FALSE
COA6,FALSE
PDE12,FALSE
TMTC1,FALSE
TNRC18,FALSE
IRF2BP2,FALSE
HDAC8,FALSE
CETN3,TRUE
TOB1,FALSE
DENND6A,FALSE
ADAMTS2,FALSE
C12orf29,FALSE
TIGD2,FALSE
TBPL1,FALSE
ZNF501,FALSE
RP11-566E18.3,FALSE
RP11-107N7.1,TRUE
KPNA4,FALSE
IKZF5,FALSE
SLC20A1,FALSE
SNX31,TRUE
RMND1,FALSE
BTAF1,FALSE
CHI3L1,FALSE
AKIRIN1,FALSE
MATR3,FALSE
SLC41A1,FALSE
PIK3C2B,FALSE
TMEM81,TRUE
DSTYK,FALSE
TTLL12,FALSE
IDH3A,FALSE
TAB1,FALSE
ASCC2,FALSE
RBFOX2,FALSE
OGFOD1,FALSE
RPL3,FALSE
PDGFB,TRUE
LPCAT2,FALSE
MYH9,FALSE
TXN2,FALSE
LINC00926,TRUE
IPO8,FALSE
KRAS,FALSE
MMP2,FALSE
MTMR3,FALSE
HECTD3,FALSE
CETP,TRUE
IFT27,FALSE
TNRC6B,FALSE
AL589739.1,FALSE
FOXRED2,FALSE
VPS11,FALSE
ST13,FALSE
SLC25A17,FALSE
FAM118A,FALSE
MUM1,FALSE
ULK1,FALSE
BCAS3,TRUE
PTRH2,FALSE
UIMC1,FALSE
SKI,FALSE
SLC10A3,FALSE
INPP5A,FALSE
NR1D2,FALSE
L3MBTL2,FALSE
EP300,FALSE
LINC01068,TRUE
SGTB,FALSE
APOL6,FALSE
RPL15,FALSE
ZNF333,FALSE
EME2,FALSE
RAB4A,FALSE
ARMCX1,FALSE
PCSK7,FALSE
CAMK1D,TRUE
CCDC59,FALSE
RP11-434B12.1,TRUE
RER1,FALSE
LEO1,FALSE
CLTC,FALSE
CLEC16A,FALSE
